CLA_PERDED	CLA_EMPRESA	CLA_GPO_EXPERDED	NOM_PERDED	TIPO_PERDED	STATUS	CLASIFICACION	FORMULA	EXENCION	TOPE_EXEN	TOPE	EXEN_IMSS	APLICA	ESBASE_IMSS	ESBASE_NOMINA	ESBASE_INFON	ESBASE_PTU	TRATA_FISCAL	NOM_NOR	NOM_AGUI	NOM_PTU	NOM_FIN	NOM_ESP	NOM_VAC	ALTERNAR	FORMULA_SQL	EXENCION_SQL	TOPE_EXEN_SQL	TOPE_SQL	EXEN_IMSS_SQL	ORDEN	APLICA_TODO_PUE	APLICA_TODA_UBI	APLICA_TODO_PER	IMPRIME_UNIDAD	TEXTO_UNIDAD	PERMITE_NEGATIVOS	PERMITE_CEROS	AVANZADO_WHERE_SQL	ES_EXTERNO	FUENTE_EXTERNA	TRUNCAR	REDONDEO	DECIMALES	NO_IMPRIMIR	NO_AFECTAR_NETO	GRUPO_CAL1	GRUPO_CAL2	GRUPO_CAL3	GRUPO_CAL4	ES_NETO	FECHA_ULT_CAMBIO	LLEVA_HISTO	ESBASE_ISPT	CLA_PERDED_ACUM	ES_BASE_FAHORRO	DETALLAR_PERDED	MOSTRAR_SALDO	LLEVA_ACUM	NOM_CORTO	ESBASE_IMSS_FIJO	DIAS_FIJO	EVA_MASIVA	ES_PROVISION	CLASIF_DEC_SUELDOS	PREVISION_SOCIAL	CLA_GPO_EXCLUSION	TOPE_EXCLUSION	TOPE_EXCLUSION_SQL	EXCLUSION_SQL	EXCLUSION	SALDAR_EN_FIQ	FOR_MONTO	FOR_MONTO_SQL	CALC_ISR_PARCIAL	APLICA_RETROACTIVO	CLA_PERDED_RETROACTIVO	WHERE_SQL_RETRO	FORMULA_SQL_RETRO	TOPE_SQL_RETRO	TIPO_CALC_RETRO	CLA_PERDED_RETRO_NEG	REDONDEO_MONTO	DECIMALES_MONTO	PORC_INCREM_PROMO	NO_APLICAR_PROYECCION	APLICA_SALDO_VALES	CEILING	TIPO_PERDED_FORTIA	TIPO_PERDED_SAT	CONSERVAR_MOV	DEDUCCION_GRAVADA	EN_ESPECIE	CLA_METODO_PAGO	TIPO_HORA_EXTRA_SAT	TIPO_OTRO_PAGO_SAT	ORIGEN_RECURSO_SAT
1	4	0	SALARIO NORMAL                	10	A	0	#SUELDOCIA					I	0	0	0	1	1	1	0	0	1	0	0	0	"dbo.ffn_sueldo_ing_v2 ( t1.cla_empresa  , t1.cla_trab , t1.cla_periodo , t1.num_nomina , t1.fol_auto , t1.fecha_aplica, t1.cla_tab_sue, t1.cla_turno)"					1	0	0	0	1		1	1		0	NULL	0	0	0	0	0	1	0	100	60	0	30/03/2017 21:56	1	1	0	0	1	0	1	DLABS	1	0	1	0	1	0	0	NULL	NULL	NULL	NULL	0			0	0	0				0	0	0	0	0	0	0	0	NULL	1	0	0	0	3	NULL	NULL	1
2	4	0	DESCANSO SEMANAL              	10	A	0	#DESC/#DESCSANT					T	0	0	0	1	1	1	0	0	1	1	0	0	"dbo.ffn_descanso_sem(t2.cla_empresa, t2.cla_trab, t2.cla_periodo, t2.num_nomina ) / dbo.fn_dias_descanso(t2.cla_empresa, t2.cla_trab, t2.cla_periodo, t2.num_nomina )"					9	0	0	0	0		0	0		0	NULL	0	0	0	0	0	0	0	0	0	0	30/03/2017 22:01	1	1	0	0	0	0	0	DES S	1	0	1	0	1	0	0	NULL	NULL	NULL	NULL	0	#DESCSANT	"dbo.fn_dias_descanso(t2.cla_empresa, t2.cla_trab, t2.cla_periodo, t2.num_nomina )"	0	0	0				0	0	1	2	0	0	0	0	NULL	1	0	0	0	3	NULL	NULL	1
3	4	0	MEDIA HORA TURNO              	10	A	2	#HORAT					I	1	0	0	0	1	1	0	0	0	0	0	0	"dbo.FFN_R_IMPORTE_HT_IPA (t2.cla_empresa, t2.cla_trab,t1.folio_nom, t1.cla_perded, t1.cla_periodo,t1.num_nomina,t1.cla_tab_sue,t1.niv_tab_sue, t1.cla_turno,t1.fecha_mov)"					8	0	0	0	1	HT	0	0		0	NULL	0	0	0	0	0	0	88	0	0	0	30/03/2017 22:01	1	0	0	0	1	0	0	MHRT 	0	0	1	0	4	0	0	NULL	NULL	NULL	NULL	0			0	0	0				0	0	1	2	0	0	0	0	NULL	1	0	0	0	3	NULL	NULL	1
4	4	0	MEDIA HORA DE ALIMENTOS       	10	A	2	#MHALIM					I	1	0	0	0	1	1	0	0	0	0	0	0	"dbo.FFN_R_IMPORTE_MHA_IPA (t2.cla_empresa, t2.cla_trab,t1.folio_nom, t1.cla_perded, t1.cla_periodo,t1.num_nomina,t1.cla_tab_sue,t1.niv_tab_sue, t1.cla_turno,t1.fecha_mov)"					8	0	0	0	1	HA	1	0	AND T1.CLA_TURNO <> 4	0	NULL	0	0	0	0	0	0	88	0	0	0	30/03/2017 22:03	1	0	0	0	1	0	0	M ALI	0	0	1	0	4	0	0	NULL	NULL	NULL	NULL	0			0	0	0				0	0	0	0	0	0	0	0	NULL	1	0	0	0	3	NULL	NULL	1
5	4	0	DOMINGO TRABAJADO OBR         	10	A	19	#SUELDOCIA * 2	#EXENDESC				I	0	1	0	0	1	1	0	0	1	0	0	0	"dbo.ffn_sueldo_ing_v2 ( t1.cla_empresa  , t1.cla_trab , t1.cla_periodo , t1.num_nomina , t1.fol_auto , t1.fecha_aplica, t1.cla_tab_sue, t1.cla_turno)*2"	"dbo.spf_ExenDesc(t2.CLA_EMPRESA, t2.CLA_TRAB, t2.NUM_NOMINA, t2.FOLIO_NOM, t1.CLA_PERDED, t1.FOL_AUTO, t2.CLA_PERIODO, t1.FECHA_APLICA, 5.0)"				5	0	0	0	0		0	0		0	NULL	0	0	0	0	0	5	88	6	20	0	31/03/2017 18:58	1	1	0	0	1	0	0	DOTRA	0	0	1	0	4	0	0	NULL	NULL	NULL	NULL	0			0	0	0				0	0	0	0	0	0	0	0	NULL	1	0	0	0	3	NULL	NULL	1
6	4	0	PRIMA DOMINICAL OBR           	10	A	1	(#SUELDOCIA * 2) * (.125)	IMP_MOV * #EXDOMIN				I	0	1	0	0	1	1	0	0	0	0	0	0	"(dbo.ffn_sueldo_ing_v2 ( t1.cla_empresa  , t1.cla_trab , t1.cla_periodo , t1.num_nomina , t1.fol_auto , t1.fecha_aplica, t1.cla_tab_sue, t1.cla_turno)*2)*(.125)"	"t1.EVA_FOR_SQL*dbo.ffn_EXEPRIMA (t2.cla_empresa, t2.cla_trab, t2.cla_periodo, t2.num_nomina ,t2.uma)"				6	0	0	0	0		0	0		0	NULL	0	0	0	0	0	0	88	7	0	0	31/03/2017 18:30	1	1	0	0	1	0	0	PDOM 	0	0	1	0	6	0	0	NULL	NULL	NULL	NULL	0			0	0	0				0	0	0	0	0	0	0	0	NULL	20	0	0	0	3	NULL	NULL	1
7	4	0	SABADO TRABAJADO              	10	A	19	#SUELDOCIA*2	#EXENDESC				I	0	1	0	0	1	1	0	0	1	0	0	0	"dbo.ffn_sueldo_ing_v2 ( t1.cla_empresa  , t1.cla_trab , t1.cla_periodo , t1.num_nomina , t1.fol_auto , t1.fecha_aplica, t1.cla_tab_sue, t1.cla_turno)*2"	"dbo.spf_ExenDesc(t2.CLA_EMPRESA, t2.CLA_TRAB, t2.NUM_NOMINA, t2.FOLIO_NOM, t1.CLA_PERDED, t1.FOL_AUTO, t2.CLA_PERIODO, t1.FECHA_APLICA, 5.0)"				4	0	0	0	1	Dias	0	0		0	NULL	0	0	0	0	0	123	88	100	0	0	22/11/2013 12:57	1	1	0	0	1	0	0	SATRA	0	0	1	0	4	0	0	NULL	NULL	NULL	NULL	0			0	0	0				0	0	0	0	0	0	0	0	NULL	16	0	NULL	NULL	NULL	NULL	NULL	NULL
8	4	0	PRIMA SABATINA OB             	10	A	19	#SUELDOCIA * (.40)	#EXENDESC				I	0	1	0	0	1	1	0	0	1	0	0	0	"dbo.ffn_sueldo_ing_v2 ( t1.cla_empresa  , t1.cla_trab , t1.cla_periodo , t1.num_nomina , t1.fol_auto , t1.fecha_aplica, t1.cla_tab_sue, t1.cla_turno)*(.40)"	"dbo.spf_ExenDesc(t2.CLA_EMPRESA, t2.CLA_TRAB, t2.NUM_NOMINA, t2.FOLIO_NOM, t1.CLA_PERDED, t1.FOL_AUTO, t2.CLA_PERIODO, t1.FECHA_APLICA, 5.0)"				5	0	0	0	1	40%	0	0		0	NULL	0	0	0	0	0	0	88	100	0	0	22/11/2013 13:05	1	1	0	0	1	0	0	PSAB 	0	0	1	0	6	0	0	NULL	NULL	NULL	NULL	0			0	0	0				0	0	0	0	0	0	0	0	NULL	16	0	NULL	NULL	NULL	NULL	NULL	NULL
9	4	0	EMBARQUE DE AZUCAR REPARACION 	10	A	0	1					I	1	0	0	0	1	1	0	0	0	0	0	0	1					3	0	0	0	0		0	0		0	NULL	0	0	0	0	0	0	0	0	0	0	31/03/2017 18:13	1	1	0	0	0	0	0	EM AR	0	0	1	0	1	0	0	NULL	NULL	NULL	NULL	0			0	0	0				0	0	0	0	0	0	0	NULL	NULL	38	NULL	0	0	3	NULL	NULL	1
10	4	0	ESTIMULO                      	10	A	0	1					I	1	0	0	0	1	1	0	0	0	0	0	0	1					10	0	0	0	0		0	0		0	NULL	0	0	0	0	0	0	0	0	0	0	31/03/2017 18:14	1	1	0	0	0	0	0	e    	0	0	1	0	28	0	0	NULL	NULL	NULL	NULL	0			0	0	0				0	0	0	0	0	0	0	NULL	NULL	38	NULL	0	0	3	NULL	NULL	1
11	4	0	COMISION SINDICAL             	10	A	0	1					I	1	0	0	1	1	1	0	0	0	0	0	0	1					8	0	0	0	0		0	0		0	NULL	0	0	0	0	0	0	0	0	0	0	31/03/2017 18:31	1	1	0	0	0	0	0	COM  	0	0	1	0	1	0	0	NULL	NULL	NULL	NULL	0			0	0	0				0	0	0	0	0	0	0	0	NULL	1	0	0	0	3	NULL	NULL	1
12	4	0	TURNO ADICIONAL               	10	A	2	@C5058	#EXENDESC				T	0	0	0	0	1	1	0	0	0	0	0	0	@C5058	"dbo.spf_ExenDesc(t2.CLA_EMPRESA, t2.CLA_TRAB, t2.NUM_NOMINA, t2.FOLIO_NOM, t1.CLA_PERDED, t1.FOL_AUTO, t2.CLA_PERIODO, t1.FECHA_APLICA, 5.0)"				4	0	0	0	0		0	0		0	NULL	0	0	0	0	0	123	88	0	0	0	31/03/2017 18:59	1	1	0	0	0	0	0	T ADI	0	0	1	0	4	0	0	NULL	NULL	NULL	NULL	0			0	0	0				0	0	0	0	0	0	0	0	NULL	1	0	0	0	3	NULL	NULL	1
13	4	0	ART 98 C. LEY                 	10	A	0	@C1013 + @C1014					T	1	0	0	0	1	1	0	0	0	0	0	0	@C1013+@C1014					7	0	0	0	0		0	0		0	NULL	0	0	0	0	0	0	0	0	0	0	31/03/2017 18:19	1	1	0	0	1	0	0	ART98	0	0	1	0	28	0	0	NULL	NULL	NULL	NULL	0			0	0	0				0	0	0	0	0	0	0	0	NULL	38	0	0	0	3	NULL	NULL	1
15	4	0	RETROACTIVO UNICO EXT.        	10	A	0	1					I	0	0	0	0	1	1	0	0	0	0	0	0	1					15	0	0	0	0		0	0		0	NULL	0	0	0	0	0	0	0	0	0	0	23/11/2013 11:44	1	0	0	0	0	0	0	r    	0	0	1	0	1	0	0	NULL	NULL	NULL	NULL	0			0	0	0				0	0	0	0	0	0	0	NULL	NULL	NULL	NULL	NULL	NULL	NULL	NULL	NULL	NULL
16	4	0	PREMIO POR ASISTENCIA         	10	A	1	#PAGPRE					I	0	1	0	0	1	1	0	0	0	0	0	0	"dbo.ffn_recupera_val_premio (t2.cla_empresa, t2.cla_trab,t2.cla_periodo, t2.num_nomina,t1.cla_turno,t1.cla_tab_sue,t1.niv_tab_sue)"					1	0	0	0	1	DIAS	1	0		0	NULL	0	0	0	0	0	0	0	100	0	0	31/03/2017 18:32	1	1	0	0	1	0	0	PASIS	0	0	1	0	14	0	0	NULL	NULL	NULL	NULL	0			0	0	0				0	0	0	0	0	0	0	0	NULL	10	0	0	0	3	NULL	NULL	1
17	4	0	PREMIO POR PUNTUALIDAD        	10	A	1	#PAGPRE					I	0	1	0	0	1	1	0	0	0	0	0	0	"dbo.ffn_recupera_val_premio (t2.cla_empresa, t2.cla_trab,t2.cla_periodo, t2.num_nomina,t1.cla_turno,t1.cla_tab_sue,t1.niv_tab_sue)"					1	0	0	0	1	DIAS	1	0		0	NULL	0	0	0	0	0	0	0	100	0	0	31/03/2017 18:32	1	1	0	0	1	0	0	PPUNT	0	0	1	0	14	0	0	NULL	NULL	NULL	NULL	0			0	0	0				0	0	0	0	0	0	0	0	NULL	10	0	0	0	3	NULL	NULL	1
18	4	0	FESTIVO LEY                   	10	A	0	@C5018 + @C6018					T	0	1	0	1	1	1	0	0	0	0	0	0	@C5018+@C6018					7	0	0	0	1	Dias	1	0		0	NULL	0	0	0	0	0	0	0	0	0	0	30/03/2017 22:03	1	1	0	0	1	0	1	FTRAB	1	0	1	0	1	0	0	NULL	NULL	NULL	NULL	0			0	0	0				0	0	0	0	0	0	0	0	NULL	1	0	0	0	3	NULL	NULL	1
19	4	0	FESTIVO TRABAJADO             	10	A	19	#SUELDOCIA * 2	#EXENDESC				I	0	0	0	0	1	1	0	0	0	0	0	0	"dbo.ffn_sueldo_ing_v2 ( t1.cla_empresa  , t1.cla_trab , t1.cla_periodo , t1.num_nomina , t1.fol_auto , t1.fecha_aplica, t1.cla_tab_sue, t1.cla_turno)*2"	"dbo.spf_ExenDesc(t2.CLA_EMPRESA, t2.CLA_TRAB, t2.NUM_NOMINA, t2.FOLIO_NOM, t1.CLA_PERDED, t1.FOL_AUTO, t2.CLA_PERIODO, t1.FECHA_APLICA, 5.0)"				5	0	0	0	0		0	0		0	NULL	0	0	0	0	0	0	88	6	0	0	31/03/2017 19:02	1	1	0	0	0	0	0	FTEMP	0	0	1	0	4	0	0	NULL	NULL	NULL	NULL	0			0	0	0				0	0	0	0	0	0	0	0	NULL	1	0	0	0	3	NULL	NULL	1
20	4	0	VACACIONES ZAFRA              	10	A	8	#ACUM/MONTO_MOV					I	0	0	0	0	3	0	0	0	1	0	1	0	t1.acum/t1.MONTO					20	0	0	0	1	DIAS	1	0		0	NULL	0	0	0	0	0	0	0	0	0	0	23/06/2014 09:55	1	1	0	0	1	0	0	VACAC	0	0	1	0	1	0	0	NULL	NULL	NULL	NULL	0			0	0	0				0	0	0	0	0	0	0	0	NULL	1	0	NULL	NULL	NULL	NULL	NULL	NULL
21	4	0	VACACIONES DE REPARACION      	10	A	8	#ACUM/MONTO_MOV					I	0	0	0	0	3	0	0	0	1	0	1	0	t1.acum/t1.MONTO					21	0	0	0	1	DIAS	0	0		0	NULL	0	0	0	0	0	0	0	0	0	0	23/06/2014 09:54	1	1	0	0	0	0	0	VACAC	0	0	1	0	1	0	0	NULL	NULL	NULL	NULL	0			0	0	0				0	0	0	0	0	0	0	0	NULL	1	0	NULL	NULL	NULL	NULL	NULL	NULL
22	4	0	PRIMA VACACIONAL ZAFRA        	10	A	12	@C5022	#EX15DIAS				T	0	0	0	0	3	0	0	0	1	0	1	0	@C5022	"dbo.fn_Exencion15DiasDesc(t1.CLA_EMPRESA,t1.CLA_TRAB,t1.CLA_PERIODO,t1.FOLIO_NOM,t1.CLA_PERDED,t1.FOL_AUTO)"				22	0	0	0	0		0	0	"AND T1.CLA_TRAB NOT IN (2302,2814,4579,9100,9125,9139,9147,9161,9191,9194,9221,9224,9232,9234,9236,9244,9245,9247,9248,9250,9291,9293,9294,9295,9456,9622,9665,9695,9716,9728,9737,9755)"	0	NULL	0	0	0	0	0	0	0	0	0	0	23/06/2014 09:54	1	1	0	0	1	0	0	PRIMA	0	0	1	0	5	0	0	NULL	NULL	NULL	NULL	0			0	0	0				0	0	0	0	0	0	0	0	0	21	0	0	NULL	NULL	NULL	NULL	NULL
23	4	0	PRIMA VACACIONES REP.         	10	A	12	@C5023	#EX15DIAS				T	0	0	0	0	3	0	0	0	1	0	1	0	@C5023	"dbo.fn_Exencion15DiasDesc(t1.CLA_EMPRESA,t1.CLA_TRAB,t1.CLA_PERIODO,t1.FOLIO_NOM,t1.CLA_PERDED,t1.FOL_AUTO)"				23	0	0	0	0		0	0		0	NULL	0	0	0	0	0	0	0	0	0	0	27/03/2014 16:45	1	1	0	0	1	0	0	PRIMA	0	0	1	0	5	0	0	NULL	NULL	NULL	NULL	0			0	0	0				0	0	0	0	0	0	0	0	0	21	0	0	NULL	NULL	NULL	NULL	NULL
24	4	0	PRIMA DE PRODUCCION           	10	A	0	1					I	1	0	0	0	1	1	0	0	0	0	0	0	1					23	0	0	0	0		0	0		0	NULL	0	0	0	0	0	0	0	0	0	0	31/03/2017 18:15	1	1	0	0	0	0	0	PRIMA	0	0	1	0	28	0	0	NULL	NULL	NULL	NULL	0			0	0	0				0	0	0	0	0	0	0	NULL	NULL	38	NULL	0	0	3	NULL	NULL	1
25	4	0	BONO DE PRODUCTIVIDAD         	10	A	0	1					I	0	0	0	0	1	0	0	0	0	1	0	0	1					25	0	0	0	0		0	0	 	0	NULL	0	0	0	0	0	0	0	0	0	0	07/07/2016 07:59	1	1	0	0	0	0	1	BONO 	0	0	1	0	28	0	0	NULL	NULL	NULL	NULL	0			0	0	0				0	0	0	0	0	0	0	0	NULL	14	0	NULL	NULL	NULL	NULL	NULL	NULL
26	4	0	COMPENSACION BODEGA           	10	A	0	1					I	1	0	0	0	1	1	0	0	0	0	0	0	1					3	0	0	0	0		0	0		0	NULL	0	0	0	0	0	0	0	0	0	0	31/03/2017 18:15	1	1	0	0	0	0	0	C BOD	0	0	1	0	28	0	0	NULL	NULL	NULL	NULL	0			0	0	0				0	0	0	0	0	0	0	NULL	NULL	38	NULL	0	0	3	NULL	NULL	1
27	4	1	PTU                           	10	A	18	1	15* SAL_MIN				I	0	0	0	0	3	1	0	1	0	1	0	0	1	15*t2.SAL_MIN_ZONA				27	0	0	0	0		0	0		0	NULL	0	0	0	0	0	0	0	0	0	0	04/07/2014 20:39	1	1	0	0	0	0	0	PTU  	0	0	1	0	7	0	0	NULL	NULL	NULL	NULL	0			0	0	0				0	0	0	0	0	0	0	0	NULL	3	0	NULL	NULL	NULL	NULL	NULL	NULL
28	4	0	BONO DE PREVICION SOCIAL      	10	A	0	1	IMP_MOV				I	0	0	0	0	1	1	0	0	0	0	0	0	1	t1.EVA_FOR_SQL				28	0	0	0	0		0	0		0	NULL	0	0	0	0	0	0	0	0	0	0	23/12/2014 11:48	1	0	0	0	0	0	0	SEGV 	0	0	1	0	15	1	0	NULL	NULL	NULL	NULL	0			0	0	0				0	0	0	0	0	0	0	0	NULL	14	0	NULL	NULL	NULL	NULL	NULL	NULL
29	4	0	SEGURO DE VIDA                	10	A	0	1	IMP_MOV				I	0	0	0	0	1	0	0	0	0	1	0	0	1	t1.EVA_FOR_SQL				8	0	0	0	0		0	0	 	0	NULL	0	0	0	0	0	0	0	0	0	0	30/12/2015 14:53	1	1	0	0	0	0	0	SEGV 	0	0	1	0	15	0	0	NULL	NULL	NULL	NULL	0			0	0	0				0	0	0	0	0	0	0	0	0	11	0	0	NULL	NULL	NULL	NULL	NULL
30	4	0	DESPENSA                      	10	A	0	1	#EXEDESPEN				I	0	0	0	0	1	1	0	0	0	1	0	0	1	"dbo.ffn_EXEDESP (t1.cla_empresa , t1.cla_trab , t1.cla_periodo ,t1.num_nomina)"				7	0	0	0	0		0	0		0	NULL	0	0	0	0	0	0	0	0	0	0	31/03/2017 18:10	1	1	0	0	1	0	0	DESPE	0	0	1	0	11	1	0	NULL	NULL	NULL	NULL	0			0	0	0				0	0	0	0	0	0	0	0	NULL	29	0	0	0	5	NULL	NULL	1
31	4	0	GASTOS MEDICOS MAYORES        	10	A	59	1	IMP_MOV				I	0	0	0	0	1	1	0	0	0	1	0	0	1	t1.EVA_FOR_SQL				8	0	0	0	0		0	0		0	NULL	0	0	0	0	0	0	0	0	0	0	29/12/2014 12:46	1	1	0	0	0	0	0	GTOS 	0	0	1	0	16	0	0	NULL	NULL	NULL	NULL	0			0	0	0				0	0	0	0	0	0	0	0	0	12	0	0	NULL	NULL	NULL	NULL	NULL
32	4	0	VAC ZAF ANTIG                 	10	A	8	1					I	1	0	0	0	1	1	0	0	0	0	1	0	1					20	0	0	0	1	DIAS	0	0		0	NULL	0	0	0	0	0	0	0	0	0	0	23/06/2014 09:55	1	1	0	0	1	0	0	VACAC	0	0	1	0	1	0	0	NULL	NULL	NULL	NULL	0			0	0	0				0	0	0	0	0	0	0	NULL	NULL	1	NULL	NULL	NULL	NULL	NULL	NULL	NULL
33	4	0	PRIMA VAC ZAF ANTIG           	10	A	12	1	7.5 * SAL_MIN				I	1	0	0	0	1	0	0	0	1	0	1	0	1	7.5*t2.SAL_MIN_ZONA				22	0	0	0	0		0	0		0	NULL	0	0	0	0	0	0	0	0	0	0	23/06/2014 09:54	1	1	0	0	0	0	0	PRIMA	0	0	1	0	5	0	0	NULL	NULL	NULL	NULL	0			0	0	0				0	0	0	0	0	0	0	NULL	0	21	NULL	0	NULL	NULL	NULL	NULL	NULL
34	4	0	TRANSPORTE                    	10	A	17	1	IMP_MOV				I	0	0	0	0	1	0	0	0	0	1	0	0	1	t1.EVA_FOR_SQL				8	0	0	0	0		0	0	 	0	NULL	0	0	0	0	0	0	0	0	0	0	31/12/2014 08:23	1	1	0	0	0	0	0	TRANS	0	0	1	0	23	0	0	NULL	NULL	NULL	NULL	0			0	0	0				0	0	0	0	0	0	0	0	0	36	0	0	NULL	NULL	NULL	NULL	NULL
35	4	0	DOTACION DE AZUCAR            	10	A	0	#ACUM/MONTO_MOV	IMP_MOV				I	0	0	0	0	1	0	0	0	0	1	0	0	t1.acum/t1.MONTO	t1.EVA_FOR_SQL				12	0	0	0	1	KGS	0	0	 	0	NULL	0	0	0	0	0	0	0	0	0	0	26/05/2015 08:31	1	1	0	0	0	0	0	DOTAZ	0	0	1	0	0	1	0	NULL	NULL	NULL	NULL	0			0	0	0				0	0	0	0	0	0	0	0	0	16	0	0	NULL	NULL	NULL	NULL	NULL
36	4	0	VAC ANTIG ZAF                 	10	A	8	#ACUM/MONTO_MOV	NULL	NULL	NULL	NULL	I	0	0	0	0	3	1	0	0	1	0	1	0	t1.acum/t1.MONTO	NULL	NULL	NULL	NULL	20	0	0	0	1	DIAS	1	0	NULL	0	NULL	0	0	0	0	0	0	0	0	0	0	14/06/2015 12:49	1	1	0	0	1	0	0	V A Z	0	0	1	0	1	0	0	NULL	NULL	NULL	NULL	0	NULL	NULL	0	0	0	NULL	NULL	NULL	0	0	0	0	0	0	0	0	NULL	1	0	NULL	NULL	NULL	NULL	NULL	NULL
37	4	0	VAC ANTIG REP                 	10	A	8	#ACUM/MONTO_MOV	NULL	NULL	NULL	NULL	I	0	0	0	0	3	0	0	0	1	0	1	0	t1.acum/t1.MONTO	NULL	NULL	NULL	NULL	21	0	0	0	1	DIAS	0	0	NULL	0	NULL	0	0	0	0	0	0	0	0	0	0	14/06/2015 12:49	1	1	0	0	0	0	0	V A R	0	0	1	0	1	0	0	NULL	NULL	NULL	NULL	0	NULL	NULL	0	0	0	NULL	NULL	NULL	0	0	0	0	0	0	0	0	NULL	1	0	NULL	NULL	NULL	NULL	NULL	NULL
38	4	0	PRIM ANT ZAF                  	10	A	12	@C5038	#EX15DIAS				T	0	0	0	0	3	0	0	0	1	0	1	0	@C5038	"dbo.fn_Exencion15DiasDesc(t1.CLA_EMPRESA,t1.CLA_TRAB,t1.CLA_PERIODO,t1.FOLIO_NOM,t1.CLA_PERDED,t1.FOL_AUTO)"				38	0	0	0	0		0	0		0	NULL	0	0	0	0	0	0	0	0	0	0	14/06/2015 12:50	1	1	0	0	1	0	0	P A Z	0	0	1	0	5	0	0	NULL	NULL	NULL	NULL	0			0	0	0				0	0	0	0	0	0	0	0	NULL	21	0	NULL	NULL	NULL	NULL	NULL	NULL
39	4	0	PRIM ANTIG REP                	10	A	12	@C5039	#EX15DIAS				T	0	0	0	0	3	0	0	0	1	0	1	0	@C5039	"dbo.fn_Exencion15DiasDesc(t1.CLA_EMPRESA,t1.CLA_TRAB,t1.CLA_PERIODO,t1.FOLIO_NOM,t1.CLA_PERDED,t1.FOL_AUTO)"				39	0	0	0	0		0	0		0	NULL	0	0	0	0	0	0	0	0	0	0	14/06/2015 12:50	1	1	0	0	1	0	0	P A R	0	0	1	0	5	0	0	NULL	NULL	NULL	NULL	0			0	0	0				0	0	0	0	0	0	0	0	NULL	21	0	NULL	NULL	NULL	NULL	NULL	NULL
41	4	0	VAC.REPARACION                	10	A	0	1					I	1	0	0	1	1	1	0	0	0	0	1	0	1					41	0	0	0	0		0	0		0	NULL	0	0	0	0	0	0	0	0	0	0	23/11/2013 11:51	1	0	0	0	0	0	0	VAC.R	0	0	1	0	1	0	0	NULL	NULL	NULL	NULL	0			0	0	0				0	0	0	0	0	0	0	NULL	NULL	1	NULL	NULL	NULL	NULL	NULL	NULL	NULL
42	4	0	VAC.ZAF                       	10	A	0	1					I	1	0	0	1	1	1	0	0	0	0	1	0	1					10	0	0	0	0		0	0		0	NULL	0	0	0	0	0	0	0	0	0	0	23/11/2013 11:52	1	1	0	0	0	0	0	VAC.Z	0	0	1	0	1	0	0	NULL	NULL	NULL	NULL	0			0	0	0				0	0	0	0	0	0	0	NULL	NULL	1	NULL	NULL	NULL	NULL	NULL	NULL	NULL
43	4	0	DESTAJOS                      	10	A	1	1					I	1	1	0	1	1	1	0	0	0	0	1	0	1					10	0	0	0	0		1	1		0	NULL	0	0	0	0	0	1	0	100	60	0	31/03/2017 18:48	1	1	0	0	1	0	1	PRIMA	0	0	1	0	1	0	0	NULL	NULL	NULL	NULL	0			0	0	0				0	0	0	0	0	0	0	0	NULL	1	0	0	0	3	NULL	NULL	1
44	4	0	PRIMA VACACIONAL REP          	10	A	0	1					I	1	0	0	0	1	1	0	0	0	0	0	0	1					13	0	0	1	0		0	0		0	NULL	0	0	0	0	0	0	0	0	0	0	23/11/2013 11:52	1	1	0	0	0	0	0	PRIMA	0	0	1	0	5	0	0	NULL	NULL	NULL	NULL	0			0	0	0				0	0	0	0	0	0	0	NULL	NULL	18	NULL	NULL	NULL	NULL	NULL	NULL	NULL
45	4	0	PRIMA VACACIONAL ZAFRA        	10	A	0	1					I	1	0	0	0	1	1	0	0	0	0	0	0	1					45	0	0	0	0		0	0		0	NULL	0	0	0	0	0	0	0	0	0	0	23/11/2013 11:52	1	1	0	0	0	0	0	PRIMA	0	0	1	0	5	0	0	NULL	NULL	NULL	NULL	0			0	0	0				0	0	0	0	0	0	0	NULL	NULL	18	NULL	NULL	NULL	NULL	NULL	NULL	NULL
46	4	0	RENTA DE CASA                 	10	A	0	NULL	NULL	NULL	NULL	NULL	I	0	0	0	0	1	1	0	0	0	0	0	0	NULL	NULL	NULL	NULL	NULL	1800	0	0	0	0		0	0	NULL	0	NULL	0	0	0	0	0	0	0	0	0	0	15/03/2017 11:53	1	0	0	0	0	0	0	RENTA	0	0	0	0	0	0	0	NULL	NULL	NULL	NULL	0	NULL	NULL	0	0	0	NULL	NULL	NULL	0	0	0	0	0	0	0	0	NULL	NULL	0	NULL	NULL	NULL	NULL	NULL	NULL
49	4	0	PROG. DE REHABILITACION       	10	A	0	1					I	0	0	0	0	1	1	0	0	0	0	0	0	1					49	0	0	0	0		0	0		0	NULL	0	0	0	0	0	0	0	0	0	0	31/03/2017 18:50	1	1	0	0	0	0	0	pr   	0	0	1	0	28	0	0	NULL	NULL	NULL	NULL	0			0	0	0				0	0	0	0	0	0	0	0	NULL	1	0	0	0	3	NULL	NULL	1
51	4	0	INC. POR RIESGO DE TRABAJO    	10	A	0	1					T	0	0	0	0	1	1	0	0	0	0	0	0	1					3	0	0	0	0		0	0		0	NULL	0	0	0	0	0	0	0	0	0	0	31/03/2017 18:51	1	1	0	0	0	0	0	INC.F	0	0	1	0	25	1	0	NULL	NULL	NULL	NULL	0	#DINCF	"DBO.ffn_dias_inc_enf ( T2.CLA_EMPRESA, T2.CLA_TRAB, T2.CLA_PERIODO, T2.NUM_NOMINA,T2.INCAP_ENF , T2.INI_PER_INCAP,T2.FIN_PER_INCAP)"	0	0	0				0	0	0	0	0	0	0	NULL	NULL	14	NULL	0	0	3	NULL	NULL	1
52	4	0	INC POR ENFERMEDAD GENERAL    	10	A	0	1	#EXENTO52				I	0	0	0	0	1	1	0	0	1	0	0	0	1	"dbo.ffn_EXE52 (t1.cla_empresa , t1.cla_trab , t1.cla_periodo ,t1.num_nomina)"				3	0	0	0	0		0	0		0	NULL	0	0	0	0	0	0	0	0	0	0	11/03/2015 09:50	1	1	0	0	0	0	0	INC.F	0	0	1	0	25	1	0	NULL	NULL	NULL	NULL	0			0	0	0				0	0	0	0	0	0	0	0	NULL	12	0	NULL	NULL	NULL	NULL	NULL	NULL
53	4	0	PAGO VIVIENDA                 	10	A	0	1	IMP_MOV				I	0	0	0	0	1	1	0	0	0	1	0	0	1	t1.EVA_FOR_SQL				53	0	0	0	0		0	0	 	0	NULL	0	0	0	0	0	0	0	0	0	0	05/12/2014 10:17	1	1	0	0	0	0	0	AYUDA	0	0	1	0	28	1	0	NULL	NULL	NULL	NULL	0			0	0	0				0	0	0	0	0	0	0	0	0	16	0	0	NULL	NULL	NULL	NULL	NULL
54	4	0	FONDO DE AHORRO EMPRESA       	10	A	0	@C2026 +@C2027	#EXEFDOIPA				T	0	0	0	0	1	1	0	0	0	1	0	0	@C2026+@C2027	"dbo.ffn_EXEFONDO (t1.cla_empresa , t1.cla_trab , t1.cla_periodo ,t1.num_nomina )"				14	0	0	0	0		0	0	AND T3.APLICA_FA = 1	0	NULL	0	0	0	0	0	0	0	0	0	0	30/03/2017 22:04	1	1	0	0	0	0	0	A EMP	0	0	1	0	9	1	0	NULL	NULL	NULL	NULL	0			0	0	0				0	0	0	0	0	0	0	0	NULL	5	0	0	0	3	NULL	NULL	1
55	4	0	FONDO DE AHORRO TRABAJADOR    	10	A	0	@C0054	#EXEFDO55				T	0	0	0	0	1	1	0	0	1	1	0	0	@C0054	"dbo.ffn_EXEFONDO55 (t1.cla_empresa , t1.cla_trab , t1.cla_periodo ,t1.num_nomina)"				15	0	0	0	0		0	0	AND T3.APLICA_FA = 1	0	NULL	0	0	0	0	0	0	0	0	0	0	31/03/2017 18:51	1	1	0	0	0	0	0	A TRA	0	0	1	0	9	1	0	NULL	NULL	NULL	NULL	0			0	0	0				0	0	0	0	0	0	0	0	NULL	5	0	0	0	3	NULL	NULL	1
56	4	0	ART. ESCOLAR ZAFRA            	10	A	0	#ACUM/MONTO_MOV	IMP_MOV				I	0	0	0	0	1	0	0	0	0	1	0	0	t1.acum/t1.MONTO	t1.EVA_FOR_SQL				56	0	0	1	1	DIAS	0	0	 	0	NULL	0	0	0	0	0	0	0	0	0	0	04/09/2015 11:01	1	1	0	0	0	0	0	ART. 	0	0	1	0	21	1	0	NULL	NULL	NULL	NULL	0			0	0	0				0	0	0	0	0	0	0	0	NULL	31	0	NULL	NULL	NULL	NULL	NULL	NULL
57	4	0	ART.ESCOLAR REP               	10	A	0	#ACUM/MONTO_MOV	IMP_MOV				I	0	0	0	0	1	0	0	0	0	1	0	0	t1.acum/t1.MONTO	t1.EVA_FOR_SQL				57	0	0	1	1	DIAS	0	0	 	0	NULL	0	0	0	0	0	0	0	0	0	0	04/09/2015 11:01	1	1	0	0	0	0	0	ART.E	0	0	1	0	21	1	0	NULL	NULL	NULL	NULL	0			0	0	0				0	0	0	0	0	0	0	0	NULL	31	0	NULL	NULL	NULL	NULL	NULL	NULL
58	4	0	AYUDA FAM REP                 	10	A	0	#ACUM/ MONTO_MOV	IMP_MOV				I	0	0	0	0	1	0	0	0	0	1	0	0	t1.acum/t1.MONTO	t1.EVA_FOR_SQL				58	0	0	0	1	dias	0	0	 	0	NULL	0	0	0	0	0	0	0	0	0	0	12/04/2017 13:26	1	1	0	0	1	0	0	AYUDA	0	0	1	0	28	1	0	NULL	NULL	NULL	NULL	0			0	0	0				0	0	0	0	0	0	0	0	NULL	38	0	0	0	3	NULL	NULL	1
59	4	0	AYUDA FAM ZAF                 	10	A	0	#ACUM/ MONTO_MOV	IMP_MOV				I	0	0	0	0	1	0	0	0	0	1	0	0	t1.acum/t1.MONTO	t1.EVA_FOR_SQL				59	0	0	0	1	dias	0	0	 	0	NULL	0	0	0	0	0	0	0	0	0	0	12/04/2017 13:26	1	1	0	0	1	0	0	AYUDA	0	0	1	0	28	1	0	NULL	NULL	NULL	NULL	0			0	0	0				0	0	0	0	0	0	0	0	NULL	38	0	0	0	3	NULL	NULL	1
60	4	0	COMPENSACION FIJA             	10	A	0	@C5060					T	0	0	0	0	1	1	0	0	0	0	0	0	@C5060					60	0	0	0	0	NULL	0	0		0	NULL	0	0	0	0	0	0	88	0	0	0	23/11/2013 11:56	1	0	0	0	0	0	0	c    	0	0	1	0	28	0	0	NULL	NULL	NULL	NULL	0			0	0	0				0	0	0	0	0	0	0	0	NULL	14	0	NULL	NULL	NULL	NULL	NULL	NULL
61	4	0	COMPENSACION EMP FSD          	10	A	0	1					I	0	0	0	0	1	1	0	0	0	0	0	0	1					61	0	0	0	0		0	1		0	NULL	0	0	0	0	0	0	0	0	0	0	30/03/2017 22:06	1	1	0	0	0	0	0	CEMFD	0	0	1	0	28	0	0	NULL	NULL	NULL	NULL	0			0	0	0				0	0	0	0	0	0	0	0	NULL	1	0	0	0	3	NULL	NULL	1
66	4	0	AGUINALDO DE ZAFRA            	10	A	3	#ACUM1/ #MONTOMOV	#EXENAGUI	15  * SAL_MIN			I	0	0	0	0	3	1	0	0	1	0	0	0	T1.ACUM/T1.MONTO	"dbo.spf_ExenAguinaldo(t2.CLA_EMPRESA, t2.CLA_TRAB, t2.NUM_NOMINA, t2.FOLIO_NOM, t1.CLA_PERDED, t1.FOL_AUTO, t2.CLA_PERIODO, t1.FECHA_APLICA, 30)"	15*t2.SAL_MIN_ZONA			66	0	0	0	1	DIAS	0	0	"AND T1.CLA_TRAB NOT IN (2302,2814,4402,5629,9045,9081,9100,9139,9147,9161,9165,9194,9209,9210,9216,9217,9222,9224,9226,9227,9230,9234,9622,9665,9695,9716,9728,9737,9755,9833)"	0	NULL	0	0	0	0	0	0	0	0	0	0	16/12/2013 16:21	1	1	0	0	0	0	0	AGUI 	0	0	1	0	2	0	0	NULL	NULL	NULL	NULL	0			0	0	0				0	0	0	0	0	0	0	0	NULL	2	0	NULL	NULL	NULL	NULL	NULL	NULL
67	4	0	AGUINALDO DE REPARACION       	10	A	3	#ACUM1/ #MONTOMOV	#EXENAGUI	15  * SAL_MIN			I	0	0	0	0	3	1	0	0	1	0	0	0	T1.ACUM/T1.MONTO	"dbo.spf_ExenAguinaldo(t2.CLA_EMPRESA, t2.CLA_TRAB, t2.NUM_NOMINA, t2.FOLIO_NOM, t1.CLA_PERDED, t1.FOL_AUTO, t2.CLA_PERIODO, t1.FECHA_APLICA, 30)"	15*t2.SAL_MIN_ZONA			67	0	0	0	1	DIAS	0	0	"AND T1.CLA_TRAB NOT IN (2302,2814,9081,9147,9226,9227,9230,9236,9622,9665,9833)"	0	NULL	0	0	0	0	0	0	0	0	0	0	16/12/2013 16:22	1	1	0	0	0	0	0	AGUIN	0	0	1	0	2	0	0	NULL	NULL	NULL	NULL	0			0	0	0				0	0	0	0	0	0	0	0	NULL	2	0	NULL	NULL	NULL	NULL	NULL	NULL
68	4	0	BONO ESPECIAL                 	10	A	18	#ACUM/MONTO_MOV					I	0	0	0	0	1	0	0	1	0	1	0	0	t1.acum/t1.MONTO					27	0	0	0	1	DIAS	0	1		0	NULL	0	0	0	0	0	0	0	0	0	0	23/11/2013 11:57	1	1	0	0	0	0	1	BON20	0	0	1	0	28	0	0	NULL	NULL	NULL	NULL	0			0	0	0				0	0	0	0	0	0	0	0	NULL	3	0	NULL	NULL	NULL	NULL	NULL	NULL
69	4	0	ANTICIPO A CUENTA DE PTU      	10	A	0	1					I	0	0	0	0	1	1	0	1	0	1	0	0	1					27	0	0	0	0		0	1		0	NULL	0	0	0	0	0	0	0	0	0	0	25/11/2016 21:37	1	1	0	0	0	0	1	ANT  	0	0	1	0	28	0	0	NULL	NULL	NULL	NULL	0			0	0	0				0	0	0	0	0	0	0	0	0	16	0	0	0		NULL	NULL	NULL
72	4	0	MATRIMONIOS                   	10	A	0	1					I	0	0	0	0	1	1	0	0	0	0	0	0	1					15	0	0	0	0		0	0		0	NULL	0	0	0	0	0	0	0	100	0	0	31/03/2017 18:53	1	1	0	0	0	0	0	MATRI	0	0	1	0	28	0	0	NULL	NULL	NULL	NULL	0			0	0	0				0	0	0	0	0	0	0	0	NULL	38	0	0	0	3	NULL	NULL	1
73	4	0	EXCDTE INCAP                  	10	A	0	1					I	0	0	0	0	1	1	0	0	1	0	0	0	1					5	0	0	0	0		1	1		0	NULL	0	0	0	0	0	0	0	0	0	0	31/12/2014 09:01	1	0	0	0	0	0	0	EXCIN	0	0	1	0	0	0	0	NULL	NULL	NULL	NULL	0			0	0	0				0	0	0	0	0	0	0	0	0	38	0	0	NULL	NULL	NULL	NULL	NULL
78	4	0	DESCANSO FINIQ                	10	A	0	1					I	0	0	0	0	1	1	0	0	1	0	0	0	1					1000	0	0	0	0		0	0		0	NULL	0	0	0	0	0	0	0	0	0	0	01/04/2017 20:50	1	1	0	0	0	0	0	DESF 	0	0	1	0	0	0	0	NULL	NULL	NULL	NULL	0			0	0	0				0	0	0	0	0	0	0	0	NULL	1	0	0	0	2	NULL	NULL	1
79	4	0	GRATIFICACION                 	10	A	0	1					I	0	0	0	0	1	0	0	0	1	0	0	0	1					10	0	0	0	0		1	1		0	NULL	0	0	0	0	0	0	0	0	0	0	12/02/2014 08:54	1	1	0	0	1	0	1	GRATI	0	0	1	0	1	0	0	NULL	NULL	NULL	NULL	0			0	0	0				0	0	0	0	0	0	0	NULL	NULL	1	NULL	NULL	NULL	NULL	NULL	NULL	NULL
80	4	0	INDEMINIZACION                	10	A	4	1	#EXENINDEM				I	0	0	0	0	5	0	0	0	1	0	0	0	1	"dbo.spf_ExenIndem(t2.CLA_EMPRESA, t2.CLA_TRAB, t2.NUM_NOMINA, t2.FOLIO_NOM, t1.CLA_PERDED, t1.FOL_AUTO, t2.CLA_PERIODO, t1.FECHA_APLICA, 90)"				80	0	1	0	0		0	0		0	NULL	0	0	0	0	0	0	0	0	0	0	01/04/2017 20:50	1	1	0	0	0	0	0	20 DI	0	0	1	0	0	0	0	NULL	NULL	NULL	NULL	0			0	0	0				0	0	0	0	0	0	0	0	NULL	25	0	0	0	2	NULL	NULL	1
81	4	0	PRIMA POR ANTIGUEDAD          	10	A	6	1	#EXENINDEM				I	0	0	0	0	5	0	0	0	1	0	0	0	1	"dbo.spf_ExenIndem(t2.CLA_EMPRESA, t2.CLA_TRAB, t2.NUM_NOMINA, t2.FOLIO_NOM, t1.CLA_PERDED, t1.FOL_AUTO, t2.CLA_PERIODO, t1.FECHA_APLICA, 90)"				81	0	0	0	0		0	0		0	NULL	0	0	0	0	0	0	0	0	0	0	01/04/2017 20:49	1	1	0	0	0	0	0	PRIMA	0	0	1	0	0	0	0	NULL	NULL	NULL	NULL	0			0	0	0				0	0	0	0	0	0	0	0	NULL	22	0	0	0	2	NULL	NULL	1
82	4	0	3 MESES                       	10	A	4	SUEINTSTOP	#EXENINDEM				I	0	0	0	0	5	0	0	0	1	0	0	0	t3.SUE_INT_STOP	"dbo.spf_ExenIndem(t2.CLA_EMPRESA, t2.CLA_TRAB, t2.NUM_NOMINA, t2.FOLIO_NOM, t1.CLA_PERDED, t1.FOL_AUTO, t2.CLA_PERIODO, t1.FECHA_APLICA, 90)"				82	0	0	0	0		0	0		0	NULL	0	0	0	0	0	0	0	0	0	0	23/11/2013 12:01	1	1	0	0	0	0	0	3 MES	0	0	1	0	0	0	0	NULL	NULL	NULL	NULL	0			0	0	0				0	0	0	0	0	0	0	0	NULL	20	0	NULL	NULL	NULL	NULL	NULL	NULL
83	4	0	AGUINALDO FINIQUITO           	10	A	3	1	#EXENAGUI	30 * SAL_MIN			I	0	0	0	0	1	0	0	0	1	0	0	0	1	"dbo.spf_ExenAguinaldo(t2.CLA_EMPRESA, t2.CLA_TRAB, t2.NUM_NOMINA, t2.FOLIO_NOM, t1.CLA_PERDED, t1.FOL_AUTO, t2.CLA_PERIODO, t1.FECHA_APLICA, 30)"	30*t2.SAL_MIN_ZONA			83	0	0	0	0		0	0		0	NULL	0	0	0	0	0	0	0	0	0	0	01/04/2017 20:41	1	1	0	0	0	0	0	AGUIN	0	0	1	0	2	0	0	NULL	NULL	NULL	NULL	0			0	0	0				0	0	0	0	0	0	0	0	NULL	2	0	0	0	2	NULL	NULL	1
84	4	0	VACACIONES FINIQUITO          	10	A	8	1					I	0	0	0	0	1	0	0	0	1	0	0	0	1					84	0	0	0	0		0	0		0	NULL	0	0	0	0	0	0	0	0	0	0	01/04/2017 20:40	1	1	0	0	0	0	0	VACAC	0	0	1	0	1	0	0	NULL	NULL	NULL	NULL	0			0	0	0				0	0	0	0	0	0	0	0	NULL	1	0	0	0	2	NULL	NULL	1
85	4	0	GASTOS FUNERARIOS F           	10	A	0	#PRIMAANF * SUE_DIA	IMP_MOV				T	0	0	0	0	1	0	0	0	1	0	0	0	*t2.SUE_DIA	t1.EVA_FOR_SQL				85	0	0	0	0		0	0		0	NULL	0	0	0	0	0	0	0	0	0	0	30/12/2014 21:22	1	0	0	0	0	0	0	GASTO	0	0	1	0	12	0	0	NULL	NULL	NULL	NULL	0			0	0	0				0	0	0	0	0	0	0	0	0	37	0	0	NULL	NULL	NULL	NULL	NULL
86	4	0	PRIMA VAC FINIQUITO           	10	A	12	1	#EXENPRIVA				I	0	0	0	0	1	0	0	0	1	0	0	0	1	"dbo.spf_ExenPrimaVac(t2.CLA_EMPRESA, t2.CLA_TRAB, t2.NUM_NOMINA, t2.FOLIO_NOM, t1.CLA_PERDED, t1.FOL_AUTO, t2.CLA_PERIODO, t1.FECHA_APLICA, 15)"				86	0	0	0	0		0	0		0	NULL	0	0	0	0	0	0	0	0	0	0	01/04/2017 20:40	1	1	0	0	0	0	0	PRIMA	0	0	1	0	5	0	0	NULL	NULL	NULL	NULL	0			0	0	0				0	0	0	0	0	0	0	0	NULL	21	0	0	0	2	NULL	NULL	1
87	4	0	FONDO DE AHORRO FINIQUITO     	10	A	7	1					I	0	0	0	0	1	0	0	0	1	0	0	0	1					87	0	1	0	0		0	0		0	NULL	0	0	0	0	0	0	0	0	0	0	01/04/2017 20:51	1	0	0	0	0	0	0	FAF  	0	0	1	0	9	1	0	NULL	NULL	NULL	NULL	0			0	0	0				0	0	0	0	0	0	0	0	NULL	5	0	0	0	2	NULL	NULL	1
88	4	0	AYUDA GTO FUNER               	10	A	0	1					I	0	0	0	0	1	1	0	0	1	0	0	0	1					88	0	0	0	0		1	0		0	NULL	0	0	0	0	0	0	0	0	0	0	31/12/2014 09:23	1	1	0	0	0	0	0	AYGF 	0	0	1	0	1	0	0	NULL	NULL	NULL	NULL	0			0	0	0				0	0	0	0	0	0	0	0	NULL	1	0	NULL	NULL	NULL	NULL	NULL	NULL
89	4	0	ESTIMULO JUB                  	10	A	0	1					I	0	0	0	0	1	0	0	0	1	0	0	0	1					1000	0	0	0	0		0	0		0	NULL	0	0	0	0	0	0	0	0	0	0	01/04/2017 21:58	1	1	0	0	0	0	0	ESTJU	0	0	1	0	0	0	0	NULL	NULL	NULL	NULL	0			0	0	0				0	0	0	0	0	0	0	0	NULL	38	0	0	0	2	NULL	NULL	1
90	4	0	COMISION SINDICAL.            	10	A	0	1					I	1	0	0	0	1	1	0	0	1	0	0	0	1					50	0	0	0	0		0	0		0	NULL	0	0	0	1	1	0	0	100	0	0	23/11/2013 12:04	1	1	0	0	1	0	0	COMSD	0	0	1	0	1	0	0	NULL	NULL	NULL	NULL	0			0	0	0				0	0	0	0	0	0	0	NULL	NULL	NULL	NULL	NULL	NULL	NULL	NULL	NULL	NULL
91	4	0	PERSONAL QUE DOBLA TURNO      	10	A	0	@C1043 + @C1031 +  @C1001 + @C1151 +  @C1161  + @C1171					I	1	0	0	0	1	1	0	0	0	0	0	0	@C1043+@C1031+@C1001+@C1151+@C1161+@C1171					50	0	0	0	0		0	0		0	NULL	0	0	0	1	1	0	0	100	0	0	23/11/2013 12:04	1	1	0	0	1	0	0	PDLTR	0	0	1	0	4	0	0	NULL	NULL	NULL	NULL	0			0	0	0				0	0	0	0	0	0	0	NULL	NULL	NULL	NULL	NULL	NULL	NULL	NULL	NULL	NULL
92	4	0	DOS CATEGORIAS EN MISMO TURNO 	10	A	0	1					I	0	0	0	0	1	1	0	0	1	0	0	0	1					50	0	0	0	0		0	0		0	NULL	0	0	0	1	1	0	0	100	0	0	23/11/2013 12:05	1	0	0	0	0	0	0	CNT2C	0	0	1	0	1	0	0	NULL	NULL	NULL	NULL	0			0	0	0				0	0	0	0	0	0	0	NULL	NULL	NULL	NULL	NULL	NULL	NULL	NULL	NULL	NULL
93	4	0	AJUSTE ISR                    	10	A	0	1					I	0	0	0	0	1	1	0	0	1	0	0	0	1					9991	0	1	0	0		0	0		0	NULL	0	0	0	0	0	0	0	0	0	0	12/04/2017 09:49	1	0	0	0	0	0	0	AJUST	0	0	1	0	0	0	0	NULL	NULL	NULL	NULL	0			0	0	0				0	0	0	0	0	0	0	0	NULL	38	0	0	0	3	NULL	NULL	1
94	4	0	CONTRATOS FCA.                	10	A	0	1					I	0	0	0	0	1	1	0	0	0	0	0	0	1					50	0	0	0	0		0	0		0	NULL	0	0	0	1	1	0	0	100	0	0	23/11/2013 12:05	1	0	0	0	0	0	0	CNTFC	0	0	1	0	28	0	0	NULL	NULL	NULL	NULL	0			0	0	0				0	0	0	0	0	0	0	NULL	NULL	NULL	NULL	NULL	NULL	NULL	NULL	NULL	NULL
95	4	0	AJUST  SAL Y PREST MAN. (95)  	10	A	0	1					I	0	0	0	0	1	1	0	0	0	0	0	0	1					50	0	0	0	0		0	0		0	NULL	0	0	0	1	1	0	0	100	0	0	20/01/2012 17:42	1	0	0	0	0	0	0	AJUST	0	0	1	0	1	0	0	NULL	NULL	NULL	NULL	0			0	0	0				0	0	0	0	0	0	0	NULL	NULL	NULL	NULL	NULL	NULL	NULL	NULL	NULL	NULL
96	4	0	PAGO ASEADOR X CAT CON PRIMAS 	10	A	0	#PEONPRIMA					T	0	0	0	0	1	1	0	0	0	0	0	0	"dbo.spf_PagoPeonCatConPrimas(T1.CLA_EMPRESA,T1.CLA_TRAB,T1.FOLIO_NOM,T1.FECHA_APLICA)"					16	0	0	0	0		0	0	AND T1.CLA_DEPTO = 8	0	NULL	0	0	0	1	1	0	0	100	0	0	26/10/2011 13:40	1	0	0	0	1	0	0	PPCP 	0	0	1	0	1	0	0	NULL	NULL	NULL	NULL	0			0	0	0				0	0	0	0	0	0	0	NULL	NULL	NULL	NULL	NULL	NULL	NULL	NULL	NULL	NULL
97	4	0	AJUST DE SAL Y PREST CTTO (95)	10	A	0	@C0096					T	0	0	0	0	1	1	0	0	0	0	0	0	@C0096					50	0	0	0	0		0	0		0	NULL	0	0	0	1	1	0	0	100	0	0	21/01/2012 20:18	1	0	0	0	1	0	0	AJUST	0	0	1	0	1	0	0	NULL	NULL	NULL	NULL	0			0	0	0				0	0	0	0	0	0	0	NULL	NULL	NULL	NULL	NULL	NULL	NULL	NULL	NULL	NULL
98	4	0	CONTRATO 3.5 DIAS COMISIONADOS	10	A	0	VALGEN01D * 3.5					T	0	0	0	0	2	1	0	0	1	0	0	0	t1.VALGEN01*3.5					50	0	0	0	1	3.5 DIAS	0	0	"AND DBO.SPF_CTRCOMISION3_5 (T1.CLA_EMPRESA,T1.CLA_TRAB,T1.FOLIO_NOM,T2.FECHA_INI_CALC,T2.FECHA_FIN_CALC) = 1"	0	NULL	0	0	0	1	1	0	0	100	0	0	17/11/2011 11:29	1	0	0	0	0	0	0	DIACO	0	0	1	0	1	0	0	NULL	NULL	NULL	NULL	0			0	0	0				0	0	0	0	0	0	0	NULL	NULL	NULL	NULL	NULL	NULL	NULL	NULL	NULL	NULL
99	4	0	CONTRATO PARA EL 60% SAB.TRAB.	10	A	0	@C1120 * #PAG60%SAB					T	0	0	0	0	1	1	0	0	1	0	0	0	"@C1120*dbo.fn_Calcula_60_SabTrab(T2.CLA_EMPRESA,T2.CLA_TRAB,T2.FECHA_INI_CALC,FECHA_FIN_CALC)"					50	0	0	0	1	60%	0	0		0	NULL	0	0	0	1	1	0	0	100	0	0	18/11/2011 14:40	1	0	0	0	0	0	0	CTR60	0	0	1	0	1	0	0	NULL	NULL	NULL	NULL	0			0	0	0				0	0	0	0	0	0	0	NULL	NULL	NULL	NULL	NULL	NULL	NULL	NULL	NULL	NULL
100	4	0	COMISION SINDICAL CTTO(90)    	10	A	0	@C0098					T	0	0	0	0	1	1	0	0	1	0	0	0	@C0098					50	0	0	0	0		0	0		0	NULL	0	0	0	1	1	0	0	100	0	0	23/01/2012 11:56	1	0	0	0	0	0	0	COMSD	0	0	1	0	1	0	0	NULL	NULL	NULL	NULL	0			0	0	0				0	0	0	0	0	0	0	NULL	NULL	NULL	NULL	NULL	NULL	NULL	NULL	NULL	NULL
101	4	0	PENSION JUBILATORIA           	10	A	0	1	IMP_MOV				I	0	0	0	0	4	1	0	0	1	0	0	0	1	t1.EVA_FOR_SQL				1	0	0	0	0		0	0		0	NULL	0	0	0	0	0	0	0	0	0	0	01/04/2017 00:26	1	1	0	0	1	0	1	PENSI	0	0	1	0	28	1	0	NULL	NULL	NULL	NULL	0			0	0	0				0	0	0	0	0	0	0	0	NULL	39	0	0	0	3	NULL	NULL	1
102	4	0	JUBILACION UNICA              	10	A	0	1	IMP_MOV				I	0	0	0	0	4	0	0	0	1	1	0	0	1	t1.EVA_FOR_SQL				1	0	0	0	0		0	0		0	NULL	0	0	0	0	0	0	0	0	0	0	01/04/2017 21:59	1	1	0	0	1	0	1	JUUN 	0	0	1	0	0	0	0	NULL	NULL	NULL	NULL	0			0	0	0				0	0	0	0	0	0	0	0	NULL	39	0	0	0	2	NULL	NULL	1
103	4	0	COMPENSACION                  	10	A	0	1					I	1	0	0	0	1	1	0	0	0	0	0	0	1					6	0	0	0	0		1	0		0	NULL	0	0	0	0	0	0	0	0	0	0	30/03/2017 22:15	1	1	0	0	0	0	0	COM  	0	0	1	0	28	0	0	NULL	NULL	NULL	NULL	0			0	0	0				0	0	0	0	0	0	0	0	NULL	1	0	0	0	3	NULL	NULL	1
104	4	0	ISR AJUSTE MENSUAL            	10	A	0	1					I	0	0	0	0	1	1	0	0	0	0	0	0	1					9991	0	1	1	0		0	0		0	NULL	0	0	0	0	0	0	0	0	0	0	04/04/2017 20:14	1	0	0	0	0	0	0	AJUST	0	0	1	0	0	0	0	NULL	NULL	NULL	NULL	0			0	0	0				0	0	0	0	0	0	0	0	NULL	NULL	0	NULL	NULL	NULL	NULL	NULL	NULL
105	4	0	NACIMIENTO                    	10	A	0	1	IMP_MOV				I	0	0	0	0	1	1	0	0	0	0	0	0	1	t1.EVA_FOR_SQL				1	0	0	0	1	NACIM	0	0		0	NULL	0	0	0	0	0	0	0	100	0	0	31/03/2017 18:55	1	1	0	0	0	0	0	NACIM	0	0	1	0	28	1	0	NULL	NULL	NULL	NULL	0			0	0	0				0	0	0	0	0	0	0	0	NULL	38	0	0	0	3	NULL	NULL	1
106	4	0	DEVOLUCION F.A. EMPRESA       	10	A	51	1					I	0	0	0	0	1	0	0	0	0	1	0	0	1					10	0	0	0	0		0	0		0	NULL	0	0	0	0	0	0	0	0	0	0	02/07/2014 10:50	1	0	0	0	1	0	0	DEVFE	0	0	1	0	0	0	0	NULL	NULL	NULL	NULL	0			0	0	0				0	0	0	0	0	0	0	0	NULL	NULL	0	NULL	NULL	NULL	NULL	NULL	NULL
107	4	0	DEVOLUCION F.A. TRABAJADOR    	10	A	52	1					I	0	0	0	0	1	0	0	0	0	1	0	0	1					10	0	0	0	0		0	0		0	NULL	0	0	0	0	0	0	0	0	0	0	02/07/2014 10:54	1	0	0	0	0	0	0	DEVET	0	0	1	0	0	0	0	NULL	NULL	NULL	NULL	0			0	0	0				0	0	0	0	0	0	0	0	NULL	NULL	0	NULL	NULL	NULL	NULL	NULL	NULL
108	4	0	INTERES FDO AHORRO            	10	A	53	1					I	0	0	0	0	1	0	0	0	0	1	0	0	1					108	0	0	0	0		0	0	 	0	NULL	0	0	0	0	0	0	0	0	0	0	26/06/2015 13:14	1	0	0	0	0	0	0	INT F	0	0	1	0	0	0	0	NULL	NULL	NULL	NULL	0			0	0	0				0	0	0	0	0	0	0	0	NULL	NULL	0	NULL	NULL	NULL	NULL	NULL	NULL
110	4	0	SUELDO NORMAL                 	10	A	0	#ACUM/MONTO_MOV					I	0	0	0	0	1	1	0	0	0	0	0	0	t1.acum/t1.MONTO					1	0	0	0	1		0	0		0	NULL	0	0	0	0	0	0	0	0	0	0	30/03/2017 22:15	1	1	0	0	1	0	1	4SUEN	0	0	1	0	28	0	0	NULL	NULL	NULL	NULL	0			0	0	0				0	0	0	0	0	0	0	0	NULL	1	0	0	0	3	NULL	NULL	1
115	4	0	BECAS                         	10	A	0	1	IMP_MOV				I	0	0	0	0	1	0	0	0	0	1	0	0	1	t1.EVA_FOR_SQL				12	0	0	0	0		0	0		0	NULL	0	0	0	0	0	0	0	100	0	0	31/03/2017 22:14	1	1	0	0	0	0	0	DSVEC	0	0	1	0	26	1	0	NULL	NULL	NULL	NULL	0			0	0	0				0	0	0	0	0	0	0	0	NULL	15	0	0	0	3	NULL	NULL	1
116	4	0	PREMIO POR ASISTENCIA REPA    	10	A	0	1					I	0	0	0	0	1	1	0	0	0	0	0	0	1					1	0	0	1	0		0	0		0	NULL	0	0	0	0	0	0	0	0	0	0	02/11/2012 08:57	1	0	0	0	0	0	0	Premi	0	0	1	0	14	0	0	NULL	NULL	NULL	NULL	0			0	0	0				0	0	0	0	0	0	0	NULL	NULL	NULL	NULL	NULL	NULL	NULL	NULL	NULL	NULL
117	4	0	PREMIO POR PUNTUALIDAD REPA   	10	A	0	1					I	0	0	0	0	1	1	0	0	0	0	0	0	1					1	0	0	1	0		0	0		0	NULL	0	0	0	0	0	0	0	0	0	0	02/11/2012 08:59	1	0	0	0	0	0	0	PREMI	0	0	1	0	14	0	0	NULL	NULL	NULL	NULL	0			0	0	0				0	0	0	0	0	0	0	NULL	NULL	NULL	NULL	NULL	NULL	NULL	NULL	NULL	NULL
118	4	0	AJUSTE ISPT                   	10	A	0	1					I	0	0	0	0	1	1	0	0	0	0	0	0	1					50	0	0	0	0		0	0		0	NULL	0	0	0	0	0	0	0	0	0	0	24/10/2012 08:33	1	0	0	0	0	0	0	a    	0	0	1	0	0	0	0	NULL	NULL	NULL	NULL	0			0	0	0				0	0	0	0	0	0	0	NULL	NULL	14	NULL	NULL	NULL	NULL	NULL	NULL	NULL
119	4	0	PERMISO CON SUELDO            	10	A	0	1					I	0	0	0	0	1	1	0	0	0	0	0	0	1					1	0	0	1	0		0	0		0	NULL	0	0	0	0	0	0	0	0	0	0	23/11/2013 12:08	1	0	0	0	0	0	0	Permi	0	0	1	0	1	0	0	NULL	NULL	NULL	NULL	0			0	0	0				0	0	0	0	0	0	0	NULL	NULL	1	NULL	NULL	NULL	NULL	NULL	NULL	NULL
121	4	0	PASAJES                       	10	A	0	1					I	0	0	0	0	1	1	0	0	0	0	0	0	1					20	0	0	0	0		0	0		0	NULL	0	0	0	0	0	0	0	0	0	0	24/10/2012 08:35	1	0	0	0	0	0	0	p    	0	0	1	0	28	0	0	NULL	NULL	NULL	NULL	0			0	0	0				0	0	0	0	0	0	0	NULL	NULL	NULL	NULL	NULL	NULL	NULL	NULL	NULL	NULL
130	4	0	FALLECIMIENTO                 	10	A	0	1		NULL		NULL	I	0	0	0	0	1	1	0	0	0	0	0	0	1					30	0	0	0	0		0	0		0	NULL	0	0	0	0	0	0	0	0	0	0	24/10/2012 08:37	1	0	0	0	0	0	0	f    	0	0	1	0	28	0	0	NULL	NULL	NULL	NULL	0			0	0	0				0	0	0	0	0	0	0	0	NULL	34	0	NULL	NULL	NULL	NULL	NULL	NULL
131	4	0	AYUDA POR DEFUNCION           	10	A	0	1	#EXENTO131				I	0	0	0	0	1	1	0	0	0	0	0	0	1	"dbo.ffn_EXE131 (t1.cla_empresa , t1.cla_trab , t1.cla_periodo ,t1.num_nomina)"				15	0	0	0	0		0	0		0	NULL	0	0	0	0	0	0	0	100	0	0	31/03/2017 18:57	1	1	0	0	0	0	0	DEFUN	0	0	1	0	28	0	0	NULL	NULL	NULL	NULL	0			0	0	0				0	0	0	0	0	0	0	0	NULL	38	NULL	0	0		NULL	NULL	0
154	4	0	PRESTAMO FONDO AHORRO EMP     	10	A	7	1	IMP_MOV				I	0	0	0	0	1	1	0	0	0	1	0	0	1	t1.EVA_FOR_SQL				20	0	0	0	0		0	0	 	0	NULL	0	0	0	0	0	0	0	0	0	0	26/02/2016 15:35	1	0	0	0	0	1	0	PFEM 	0	0	1	0	0	0	0	NULL	NULL	NULL	NULL	0			0	0	0				0	0	0	0	0	0	0	0	NULL	14	0	NULL	NULL	NULL	NULL	NULL	NULL
155	4	0	PRESTAMO FONDO DE AHORRO TRAB 	10	A	7	1					I	0	0	0	0	1	1	0	0	0	1	0	0	1					12	0	0	0	0		0	0	 	0	NULL	0	0	0	0	0	0	0	0	0	0	26/02/2016 15:36	1	0	0	0	0	1	0	v    	0	0	1	0	0	0	0	NULL	NULL	NULL	NULL	0			0	0	0				0	0	0	0	0	0	0	0	NULL	14	0	NULL	NULL	NULL	NULL	NULL	NULL
156	4	0	PRESTAMO                      	10	B	0	1					T	0	0	0	0	1	0	0	0	0	1	0	0	1					60	0	0	0	0		0	0		0	NULL	0	0	0	0	0	0	0	0	0	0	17/12/2013 17:10	1	0	0	0	0	0	0	PREST	0	0	1	0	0	0	0	NULL	NULL	NULL	NULL	0			0	0	0				0	0	0	0	0	0	0	NULL	NULL	14	NULL	NULL	NULL	NULL	NULL	NULL	NULL
177	4	0	SUBS. AL EMPLEO EFEC. PAG.    	10	A	11	CAS * -1	#EXENTO177				T	0	0	0	0	1	1	0	0	0	0	0	0	t2.CREDSAL_TRA*-1	"dbo.ffn_EXE177 (t1.cla_empresa , t1.cla_trab , t1.cla_periodo ,t1.num_nomina)"				99999	0	0	0	0		0	0		0	NULL	0	0	0	0	0	0	0	100	0	0	30/03/2017 22:17	1	0	0	0	0	0	0	SUBSE	0	0	1	0	40	0	0	NULL	NULL	NULL	NULL	0			0	0	0				0	0	0	0	0	0	0	0	NULL	NULL	0	0	0	3	NULL	2	1
199	4	0	CURSO DE CAPACITACION         	10	A	0	1					I	0	0	0	0	1	1	0	0	0	0	0	0	1					90	0	0	0	0		0	0		0	NULL	0	0	0	0	0	0	0	0	0	0	24/10/2012 08:40	1	0	0	0	0	0	0	c    	0	0	1	0	28	0	0	NULL	NULL	NULL	NULL	0			0	0	0				0	0	0	0	0	0	0	NULL	NULL	1	NULL	NULL	NULL	NULL	NULL	NULL	NULL
400	4	0	DESC. POR PAGO DE MAS         	50	A	20	1		NULL		NULL	I	0	0	0	0	1	1	0	0	0	0	0	0	1					400	0	0	0	0		1	1		0	NULL	0	0	0	0	0	0	0	0	0	0	24/10/2012 08:42	1	0	0	0	0	0	0	d    	0	0	1	0	0	0	0	NULL	NULL	NULL	NULL	0			0	0	0				0	0	0	0	0	0	0	NULL	NULL	13	NULL	NULL	NULL	NULL	NULL	NULL	NULL
401	4	0	IMPTO A CARGO DECL            	50	A	0	1		NULL		NULL	I	0	0	0	0	1	1	0	0	1	0	0	0	1					121	0	0	0	0		1	0	 	0	NULL	0	0	0	0	0	0	0	0	0	0	21/01/2016 13:32	1	0	0	0	0	0	0	isptc	0	0	1	0	0	0	0	NULL	NULL	NULL	NULL	0			0	0	0				0	0	0	0	0	0	0	0	0	4	0	0	NULL	NULL	NULL	NULL	NULL
402	4	0	FONDO DE AHORRO EMPR          	50	A	20	@C5402 + @C6402		NULL		NULL	T	0	0	0	0	1	1	0	0	0	1	0	0	@C5402+@C6402					143	0	0	0	0		0	0	AND T3.APLICA_FA = 1	0	NULL	0	0	0	0	0	0	0	0	0	0	21/02/2013 17:02	1	0	0	0	0	0	0	F EMP	0	0	1	0	0	0	0	NULL	NULL	NULL	NULL	0			0	0	0				0	0	0	0	0	0	0	0	NULL	4	0	NULL	NULL	NULL	NULL	NULL	NULL
403	4	0	I. S. R.                      	50	A	21	ISPT+ ISPT86+ ISPTINDEM		NULL		NULL	T	0	0	0	0	1	1	1	1	1	0	1	0	t2.ISPT_TRA+t2.ISPT86+t2.ISPT_INDEM					120	0	0	0	0		1	0		0	NULL	0	0	0	0	0	0	0	0	0	0	30/05/2016 11:00	1	0	0	0	0	0	0	ISR  	0	0	1	0	0	0	0	NULL	NULL	NULL	NULL	0			0	0	0				0	0	0	0	0	0	0	0	NULL	2	0	NULL	NULL	NULL	NULL	NULL	NULL
404	4	0	IMPTO A CARGO DECL            	50	A	0	1		NULL		NULL	I	0	0	0	0	0	0	0	0	0	0	0	0	1					999	0	0	0	0		0	0		0	NULL	0	0	0	0	0	0	0	0	0	0	19/12/2015 08:24	1	0	0	0	0	0	0	isptc	0	0	1	0	0	0	0	NULL	NULL	NULL	NULL	0			0	0	0				0	0	0	0	0	0	0	0	0	2	0	0	NULL	NULL	NULL	NULL	NULL
406	4	0	CUOTA I.M.S.S.                	50	A	24	#IMSSCIASA		NULL		NULL	T	0	0	0	0	1	1	0	0	0	1	1	0	"dbo.FFN_IMSS_INGENIOS (T2.CLA_EMPRESA, T2.CLA_PERIODO, T2.NUM_NOMINA,T2.CLA_TRAB , t2.IT_ENFEXCE ,t2.IT_ENFDINERO ,t2.IT_ENFPENSION,t2.IT_INVALIDEZ)"					130	0	0	0	0		1	0		0	NULL	0	0	0	0	0	0	0	100	0	0	17/08/2016 09:30	1	0	0	0	0	0	1	CUOIM	0	0	1	0	0	0	0	NULL	NULL	NULL	NULL	0			0	0	0				0	0	0	0	0	0	0	0	NULL	1	0	NULL	NULL	NULL	NULL	NULL	NULL
407	4	0	CUOTA R.C.V.                  	50	A	24	#CESANTIA		NULL		NULL	T	0	0	0	0	0	1	0	0	0	1	0	0	"dbo.FFN_CESAN_INGENIOS (T2.CLA_EMPRESA, T2.CLA_PERIODO, T2.NUM_NOMINA,T2.CLA_TRAB ,T2.IT_CESANTIA  )"					130	0	0	0	0		0	0		0	NULL	0	0	0	0	0	0	0	0	0	0	17/08/2016 09:31	1	0	0	0	0	0	0	COUTA	0	0	1	0	0	0	0	NULL	NULL	NULL	NULL	0			0	0	0				0	0	1	2	0	0	0	0	NULL	3	0	NULL	NULL	NULL	NULL	NULL	NULL
408	4	0	FDO AHORRO TRABAJADOR         	50	A	20	@C5402 + @C6402		NULL		NULL	T	0	0	0	0	1	1	0	0	0	1	0	0	@C5402+@C6402					150	0	0	0	0		0	0	AND T3.APLICA_FA = 1	0	NULL	0	0	0	0	0	0	0	0	0	0	22/10/2012 18:04	1	0	0	0	0	0	0	FT   	0	0	1	0	0	0	0	NULL	NULL	NULL	NULL	0			0	0	0				0	0	0	0	0	0	0	0	NULL	4	0	NULL	NULL	NULL	NULL	NULL	NULL
409	4	0	PMO. COMPAÑIA                 	50	A	20	1		NULL		NULL	I	0	0	0	0	0	1	0	0	0	0	0	0	1					4090	0	0	0	0		0	0		0	NULL	0	0	0	0	0	0	0	0	0	0	24/10/2012 08:45	1	0	0	0	0	0	0	p    	0	0	1	0	0	0	0	NULL	NULL	NULL	NULL	0			0	0	0				0	0	0	0	0	0	0	NULL	NULL	4	NULL	NULL	NULL	NULL	NULL	NULL	NULL
410	4	0	SEGURO DE VEHICULO            	50	A	20	1		NULL		NULL	I	0	0	0	0	0	1	0	0	0	0	0	0	1					60	0	0	0	0		0	0		0	NULL	0	0	0	0	0	0	0	0	0	0	24/10/2012 08:46	1	0	0	0	0	0	0	S D V	0	0	1	0	0	0	0	NULL	NULL	NULL	NULL	0			0	0	0				0	0	0	0	0	0	0	NULL	NULL	4	NULL	NULL	NULL	NULL	NULL	NULL	NULL
411	4	0	REVISION SALARIA              	10	A	0	1					I	0	0	0	0	1	1	0	0	0	0	0	0	1					41	0	0	0	0		0	0		0	NULL	0	0	0	0	0	0	0	0	0	0	24/10/2012 08:47	1	0	0	0	0	0	0	r    	0	0	1	0	0	0	0	NULL	NULL	NULL	NULL	0			0	0	0				0	0	0	0	0	0	0	NULL	NULL	19	NULL	NULL	NULL	NULL	NULL	NULL	NULL
412	4	0	DESCUENTO DE LENTES           	50	A	20	1		NULL		NULL	I	0	0	0	0	0	1	0	0	1	0	0	0	1					4695	0	0	0	0		0	0		0	NULL	0	0	0	0	0	0	0	0	0	0	24/10/2012 08:49	1	0	0	0	0	0	0	d    	0	0	1	0	0	0	0	NULL	NULL	NULL	NULL	0			0	0	0				0	0	0	0	0	0	0	0	NULL	4	0	NULL	NULL	NULL	NULL	NULL	NULL
413	4	0	GASTOS A COMPROB              	50	A	20	1		NULL		NULL	I	0	0	0	0	0	1	0	1	0	0	1	0	1					4659	0	0	0	0		0	0	 	0	NULL	0	0	0	0	0	0	0	0	0	0	17/07/2014 17:13	1	0	0	0	0	0	0	G A C	0	0	1	0	0	0	0	NULL	NULL	NULL	NULL	0			0	0	0				0	0	0	0	0	0	0	0	NULL	4	0	NULL	NULL	NULL	NULL	NULL	NULL
415	4	0	PENSION ALIMENTICIA           	50	A	23	#PENSALIM/100		NULL		NULL	I	0	0	0	0	1	1	0	0	1	1	0	0	"dbo.fn_Pension_zam( t1.CLA_EMPRESA, t1.CLA_TRAB, t1.NUM_NOMINA, t1.FOLIO_NOM, t1.CLA_PERDED, t1.FOL_AUTO , t1.FOLIO_PENSION)/100"					160	0	1	1	0		1	1		0	NULL	0	0	0	0	0	0	0	100	0	0	26/05/2016 09:22	1	0	0	0	0	0	0	PALIM	0	0	1	0	0	0	0	NULL	NULL	NULL	NULL	0			0	0	0				0	0	0	0	0	0	0	0	NULL	7	0	NULL	NULL	NULL	NULL	NULL	NULL
416	4	0	DOTACION AZUCAR               	50	A	20	1		NULL		NULL	I	0	0	0	0	0	1	0	0	1	0	1	0	1					4160	0	0	0	0		0	0		0	NULL	0	0	0	0	0	0	0	0	0	0	23/03/2015 17:52	1	0	0	0	0	0	0	d    	0	0	1	0	0	0	0	NULL	NULL	NULL	NULL	0			0	0	0				0	0	0	0	0	0	0	0	NULL	4	0	NULL	NULL	NULL	NULL	NULL	NULL
417	4	0	ARTICULO 134 LTF              	50	A	20	1					I	0	0	0	0	1	1	0	0	0	0	0	0	1					4170	0	0	0	0		0	0		0	NULL	0	0	0	0	0	0	0	0	0	0	24/10/2012 08:52	1	0	0	0	0	0	0	a    	0	0	1	0	0	0	0	NULL	NULL	NULL	NULL	0			0	0	0				0	0	0	0	0	0	0	NULL	NULL	NULL	NULL	NULL	NULL	NULL	NULL	NULL	NULL
418	4	0	CUOTA IMSS                    	50	A	20	1					I	0	0	0	0	1	1	0	0	1	0	0	0	1					4180	0	0	0	0		0	0		0	NULL	0	0	0	0	0	0	0	0	0	0	31/12/2014 13:30	1	0	0	0	0	0	0	CI   	0	0	1	0	0	0	0	NULL	NULL	NULL	NULL	0			0	0	0				0	0	0	0	0	0	0	0	0	1	0	0	NULL	NULL	NULL	NULL	NULL
419	4	0	DESC POR PERDIDA              	50	A	20	1		NULL		NULL	I	0	0	0	0	0	1	0	0	0	0	0	0	1					4121	0	0	0	0		0	0		0	NULL	0	0	0	0	0	0	0	0	0	0	30/03/2017 22:52	1	0	0	0	0	0	0	SEG  	0	0	1	0	0	0	0	NULL	NULL	NULL	NULL	0			0	0	0				0	0	0	0	0	0	0	0	NULL	15	0	0	0		NULL	NULL	0
420	4	0	DIA DE HABER                  	50	A	20	1		NULL		NULL	I	0	0	0	0	0	1	0	0	0	0	0	0	1					4680	0	0	0	0		0	0		0	NULL	0	0	0	0	0	0	0	0	0	0	25/04/2014 18:07	1	0	0	0	1	0	0	DHAB 	0	0	1	0	0	0	0	NULL	NULL	NULL	NULL	0			0	0	0				0	0	0	0	0	0	0	NULL	0	4	NULL	0	NULL	NULL	NULL	NULL	NULL
421	4	0	SERVICIOS FUNERARIOS          	50	A	20	1		NULL		NULL	I	0	0	0	0	0	1	0	0	0	0	0	0	1					4131	0	0	0	0		0	0		0	NULL	0	0	0	0	0	0	0	0	0	0	23/02/2016 12:51	1	0	0	0	0	0	0	C TEL	0	0	1	0	0	0	0	NULL	NULL	NULL	NULL	0			0	0	0				0	0	0	0	0	0	0	0	NULL	4	0	NULL	NULL	NULL	NULL	NULL	NULL
422	4	0	CUOTA IMSS                    	50	A	20	1		NULL		NULL	I	0	0	0	0	0	0	0	0	0	0	0	0	1					130	0	1	0	0		0	0		0	NULL	0	0	0	0	0	0	0	0	0	0	05/05/2014 17:47	1	0	0	0	0	0	0	d    	0	0	1	0	0	0	0	NULL	NULL	NULL	NULL	0			0	0	0				0	0	0	0	0	0	0	0	NULL	4	0	NULL	NULL	NULL	NULL	NULL	NULL
423	4	0	CUOTA R.C.V.                  	50	A	20	1		NULL		NULL	I	0	0	0	0	0	0	0	0	0	0	0	0	1					130	0	0	0	0		0	0		0	NULL	0	0	0	0	0	0	0	0	0	0	05/05/2014 17:50	1	0	0	0	0	0	0	d    	0	0	1	0	0	0	0	NULL	NULL	NULL	NULL	0			0	0	0				0	0	0	0	0	0	0	0	NULL	4	0	NULL	NULL	NULL	NULL	NULL	NULL
425	4	0	F O N A C O T                 	50	A	20	1					I	0	0	0	0	1	1	0	0	1	0	0	0	1					4120	0	0	0	0		0	0		0	NULL	0	0	0	0	0	0	0	0	0	0	12/04/2014 13:43	1	0	0	0	0	0	0	q    	0	0	1	0	0	0	0	NULL	NULL	NULL	NULL	0			0	0	0				0	0	0	0	0	0	0	0	0	11	0	0	NULL	NULL	NULL	NULL	NULL
426	4	0	DESPENSA SINDICATO            	50	A	20	1		NULL		NULL	I	0	0	0	0	0	1	0	0	0	0	0	0	1					4681	0	0	0	0		0	0		0	NULL	0	0	0	0	0	0	0	0	0	0	09/12/2015 18:07	1	0	0	0	0	0	0	DS   	0	0	1	0	0	0	0	NULL	NULL	NULL	NULL	0			0	0	0				0	0	0	0	0	0	0	0	0	4	0	0	NULL	NULL	NULL	NULL	NULL
429	4	0	SEGURO DE VIDA                	50	A	20	1					I	0	0	0	0	1	0	0	0	0	1	0	0	1					8	0	0	0	0		0	0	 	0	NULL	0	0	0	0	0	0	0	0	0	0	24/12/2014 09:58	1	0	0	0	0	0	0	SEGVD	0	0	1	0	15	0	0	NULL	NULL	NULL	NULL	0			0	0	0				0	0	0	0	0	0	0	0	0	4	0	0	NULL	NULL	NULL	NULL	NULL
430	4	0	DESPENSA                      	50	A	20	1		NULL		NULL	I	0	0	0	0	1	1	0	0	0	0	0	0	1					100	0	0	0	0		0	0		0	NULL	0	0	0	0	0	0	0	0	0	0	07/11/2014 19:40	1	0	0	0	1	0	0	DESPE	0	0	1	0	11	1	0	NULL	NULL	NULL	NULL	0			0	0	0				0	0	0	0	0	0	0	0	0	4	0	0	NULL	NULL	NULL	NULL	NULL
431	4	0	GASTOS MEDICOS MAYORES        	50	A	20	1		NULL		NULL	I	0	0	0	0	0	1	0	0	0	0	0	0	1					8	0	0	0	0		0	0		0	NULL	0	0	0	0	0	0	0	0	0	0	29/12/2014 12:48	1	0	0	0	0	0	0	GTS  	0	0	1	0	0	0	0	NULL	NULL	NULL	NULL	0			0	0	0				0	0	0	0	0	0	0	0	0	4	0	0	NULL	NULL	NULL	NULL	NULL
432	4	0	PMO CAJA CONFIANZA            	50	A	20	1		NULL		NULL	I	0	0	0	0	0	0	1	1	0	0	1	0	1					5119	0	0	0	0		0	0	 	0	NULL	0	0	0	0	0	0	0	0	0	0	24/06/2015 12:26	1	0	0	0	0	0	0	PCONF	0	0	1	0	0	0	0	NULL	NULL	NULL	NULL	0			0	0	0				0	0	0	0	0	0	0	0	0	4	0	0	NULL	NULL	NULL	NULL	NULL
433	4	0	PMO CAJA SECC 7               	50	A	20	1		NULL		NULL	I	0	0	0	0	0	0	1	1	0	1	1	0	1					5121	0	0	0	0		0	0	 	0	NULL	0	0	0	0	0	0	0	0	0	0	24/06/2015 12:26	1	0	0	0	0	0	0	PSECC	0	0	1	0	0	0	0	NULL	NULL	NULL	NULL	0			0	0	0				0	0	0	0	0	0	0	0	0	4	0	0	NULL	NULL	NULL	NULL	NULL
434	4	0	TRANSPORTE                    	50	A	20	1		NULL		NULL	I	0	0	0	0	0	0	0	0	0	1	0	0	1					8	0	0	0	0		0	0	 	0	NULL	0	0	0	0	0	0	0	0	0	0	31/12/2014 08:25	1	0	0	0	0	0	0	TRANS	0	0	1	0	0	0	0	NULL	NULL	NULL	NULL	0			0	0	0				0	0	0	0	0	0	0	0	0	4	0	0	NULL	NULL	NULL	NULL	NULL
435	4	0	DOTACION DE AZUCAR            	50	A	20	1		NULL		NULL	I	0	0	0	0	0	0	0	0	0	1	0	0	1					12	0	0	0	0		0	0	 	0	NULL	0	0	0	0	0	0	0	0	0	0	26/05/2015 08:32	1	0	0	0	0	0	0	DOTAZ	0	0	1	0	0	0	0	NULL	NULL	NULL	NULL	0			0	0	0				0	0	0	0	0	0	0	0	0	4	0	0	NULL	NULL	NULL	NULL	NULL
436	4	0	PRESTAMO SINDICATO            	50	A	0	1		NULL		NULL	I	0	0	0	0	0	0	1	1	0	0	1	0	1					5120	0	0	0	0		0	0	 	0	NULL	0	0	0	0	0	0	0	0	0	0	24/06/2015 12:26	1	0	0	0	0	0	0	PSIND	0	0	1	0	0	0	0	NULL	NULL	NULL	NULL	0			0	0	0				0	0	0	0	0	0	0	0	0	4	0	0	NULL	NULL	NULL	NULL	NULL
456	4	0	CUOTA SINDICAL NACIONAL       	50	A	20	#BASECUOTA *($CUOTSINDN/100)		NULL		NULL	T	0	0	0	0	1	1	0	0	0	0	0	0	"dbo.fn_basecuota_sindical(t2.CLA_EMPRESA, t2.CLA_PERIODO,t2.NUM_NOMINA,t2.FOLIO_NOM,T2.CLA_TRAB) *($CUOTSINDN/100)"					160	0	0	0	0		1	0		0	NULL	0	0	0	0	0	0	0	100	0	0	16/04/2013 20:10	1	0	0	0	0	0	0	SINAC	0	0	1	0	0	0	0	NULL	NULL	NULL	NULL	0			0	0	0				0	0	0	0	0	0	0	0	NULL	19	0	NULL	NULL	NULL	NULL	NULL	NULL
459	4	0	CUOTA SINDICATO LOCAL         	50	A	20	(@C0001 + @C0002 + @C0009 + @C0017+ @C0043+@C0103+@C0013) * (  $CUOTSINDL   / 100)		NULL		NULL	T	0	0	0	0	1	1	0	0	0	0	0	0	(@C0001+@C0002+@C0009+@C0017+@C0043+@C0103+@C0013)*($CUOTSINDL/100)					170	0	0	0	0		1	0		0	NULL	0	0	0	0	0	0	0	100	0	0	16/04/2013 20:10	1	0	0	0	0	0	0	SILOC	0	0	1	0	0	0	0	NULL	NULL	NULL	NULL	0			0	0	0				0	0	0	0	0	0	0	0	NULL	19	0	NULL	NULL	NULL	NULL	NULL	NULL
468	4	0	PRESTAMO SINDICATO            	50	A	20	1		NULL		NULL	I	0	0	0	0	0	1	0	0	0	0	0	0	1					4680	0	1	0	0		0	0		0	NULL	0	0	0	0	0	0	0	0	0	0	23/03/2015 14:31	1	0	0	0	0	0	0	ps   	0	0	1	0	0	0	0	NULL	NULL	NULL	NULL	0			0	0	0				0	0	0	0	0	0	0	0	NULL	4	0	NULL	NULL	NULL	NULL	NULL	NULL
470	4	0	ABONO INFONAVIT               	50	A	25	@C2147+ @C2146+ @C2149+ @C2148		NULL		NULL	T	0	0	0	0	1	1	0	0	0	1	0	0	@C2147+@C2146+@C2149+@C2148					150	0	1	0	0		0	0	 	0	NULL	0	0	0	0	0	0	0	100	0	0	10/08/2016 17:08	1	0	0	0	0	0	0	ABINF	0	0	1	0	0	0	0	NULL	NULL	NULL	NULL	0			0	0	0				0	0	0	0	0	0	0	0	NULL	10	0	NULL	NULL	NULL	NULL	NULL	NULL
471	4	0	DESC SINDICAL                 	50	A	20	1		NULL		NULL	I	0	0	0	0	0	1	0	0	0	0	0	0	1					4659	0	0	0	0		0	0		0	NULL	0	0	0	0	0	0	0	0	0	0	31/03/2017 17:42	1	0	0	0	1	0	0	D SIN	0	0	1	0	0	0	0	NULL	NULL	NULL	NULL	0			0	0	0				0	0	0	0	0	0	0	0	NULL	4	0	0	0		NULL	NULL	0
474	4	0	DESCUENTO PROMOBIEN           	50	A	20	1		NULL		NULL	I	0	0	0	0	0	1	0	0	0	0	0	0	1					4740	0	0	0	0		0	0		0	NULL	0	0	0	0	0	0	0	0	0	0	24/10/2012 09:12	1	0	0	0	0	0	0	P    	0	0	1	0	0	0	0	NULL	NULL	NULL	NULL	0			0	0	0				0	0	0	0	0	0	0	0	NULL	4	0	NULL	NULL	NULL	NULL	NULL	NULL
476	4	0	SEGURO INFONAVIT              	50	A	20	1		NULL		NULL	I	0	0	0	0	1	1	0	0	0	0	0	0	1					150	0	0	0	0		1	0		0	NULL	0	0	0	0	0	0	0	0	0	0	30/03/2017 22:54	1	0	0	0	0	0	0	AJINF	0	0	1	0	0	0	0	NULL	NULL	NULL	NULL	0			0	0	0				0	0	0	0	0	0	0	0	NULL	10	0	0	0		NULL	NULL	0
482	4	0	PRESTAMO FONDO AHORRO         	50	A	20	1		NULL		NULL	I	0	0	0	0	0	0	0	0	0	1	0	0	1					4130	0	0	0	0		0	0	 	0	NULL	0	0	0	0	0	0	0	0	0	0	08/01/2015 15:25	1	0	0	0	0	0	0	a    	0	0	1	0	0	0	0	NULL	NULL	NULL	NULL	0			0	0	0				0	0	0	0	0	0	0	0	NULL	4	0	NULL	NULL	NULL	NULL	NULL	NULL
483	4	0	AYUDA MUTUA                   	50	A	20	#AYUDADEF		NULL		NULL	S	0	0	0	0	0	1	0	0	0	0	0	0	"dbo.ffn_AYUDA_MUTUA (t2.CLA_EMPRESA,t2.cla_trab, t2.dias_lab_per)"					190	0	0	0	0		0	0		0	NULL	0	0	0	0	0	0	0	0	0	0	18/01/2017 14:55	1	0	0	0	0	0	0	A S D	0	0	1	0	0	0	0	NULL	NULL	NULL	NULL	0			0	0	0				0	0	0	0	0	0	0	0	0	4	0	0	NULL	NULL	NULL	NULL	NULL
486	4	0	FDO SOLID PROT FAM            	50	A	20	1		NULL		NULL	I	0	0	0	0	0	1	0	1	0	0	0	0	1					4860	0	0	0	0		0	0		0	NULL	0	0	0	0	0	0	0	0	0	0	24/10/2012 09:18	1	0	0	0	0	0	0	F    	0	0	1	0	0	0	0	NULL	NULL	NULL	NULL	0			0	0	0				0	0	0	0	0	0	0	NULL	NULL	4	NULL	NULL	NULL	NULL	NULL	NULL	NULL
491	4	0	ACT.DEP.Y CULTURALES          	50	A	20	1		NULL		NULL	I	0	0	0	0	0	1	0	0	0	0	0	0	1					4910	0	0	0	0		0	0		0	NULL	0	0	0	0	0	0	0	0	0	0	24/10/2012 09:20	1	0	0	0	0	0	0	as   	0	0	1	0	0	0	0	NULL	NULL	NULL	NULL	0			0	0	0				0	0	0	0	0	0	0	0	NULL	4	0	NULL	NULL	NULL	NULL	NULL	NULL
495	4	0	DESC ACUERDO ASAMBLEA         	50	A	20	1		NULL		NULL	I	0	0	0	0	0	1	0	0	0	0	0	0	1					4950	0	0	0	0		0	0		0	NULL	0	0	0	0	0	0	0	0	0	0	24/10/2012 09:22	1	0	0	0	0	0	0	D A A	0	0	1	0	0	0	0	NULL	NULL	NULL	NULL	0			0	0	0				0	0	0	0	0	0	0	NULL	NULL	19	NULL	NULL	NULL	NULL	NULL	NULL	NULL
498	4	0	RENTA DE CASA                 	50	A	20	1		NULL		NULL	I	0	0	0	0	1	1	0	0	0	1	0	0	1					180	0	0	0	0		0	0		0	NULL	0	0	0	0	0	0	0	100	20	0	16/03/2017 11:57	1	0	0	0	0	0	0	RCASA	0	0	1	0	0	0	0	NULL	NULL	NULL	NULL	0			0	0	0				0	0	0	0	0	0	0	0	0	4	NULL	0	0		NULL	NULL	NULL
499	4	0	AHORRO SECCION 7              	50	A	20	1		NULL		NULL	I	0	0	0	0	0	1	0	0	1	0	0	0	1					4990	0	0	0	0		0	0		0	NULL	0	0	0	0	0	0	0	0	0	0	10/04/2017 08:53	1	0	0	0	0	0	0	A    	0	0	1	0	0	0	0	NULL	NULL	NULL	NULL	0			0	0	0				0	0	0	0	0	0	0	0	NULL	4	0	NULL	NULL	NULL	NULL	NULL	NULL
500	4	0	DESCTO.CAJA AHORRO            	50	A	20	1		NULL		NULL	I	0	0	0	0	0	1	0	0	0	0	0	0	1					5000	0	0	0	0		0	0		0	NULL	0	0	0	0	0	0	0	0	0	0	24/10/2012 09:27	1	0	0	0	0	0	0	DES  	0	0	1	0	0	0	0	NULL	NULL	NULL	NULL	0			0	0	0				0	0	0	0	0	0	0	NULL	NULL	4	NULL	NULL	NULL	NULL	NULL	NULL	NULL
502	4	0	OBRAS SOCIALES                	50	B	20	1		NULL		NULL	I	0	0	0	0	0	1	0	0	0	0	0	0	1					5020	0	0	0	0		0	0		0	NULL	0	0	0	0	0	0	0	0	0	0	24/10/2012 09:28	1	0	0	0	0	0	0	OBRA 	0	0	1	0	0	0	0	NULL	NULL	NULL	NULL	0			0	0	0				0	0	0	0	0	0	0	NULL	NULL	NULL	NULL	NULL	NULL	NULL	NULL	NULL	NULL
503	4	0	OBRAS SOCIALES SIND.          	50	A	20	1		NULL		NULL	I	0	0	0	0	0	1	0	0	0	0	0	0	1					5030	0	0	0	0		0	0		0	NULL	0	0	0	0	0	0	0	0	0	0	24/10/2012 09:29	1	0	0	0	0	0	0	OSIN 	0	0	1	0	0	0	0	NULL	NULL	NULL	NULL	0			0	0	0				0	0	0	0	0	0	0	NULL	NULL	NULL	NULL	NULL	NULL	NULL	NULL	NULL	NULL
504	4	0	DESC.SIND.                    	50	A	20	1		NULL		NULL	I	0	0	0	0	0	1	0	0	0	0	0	0	1					5040	0	0	0	0		0	0		0	NULL	0	0	0	0	0	0	0	0	0	0	30/10/2012 13:13	1	0	0	0	1	0	0	DES  	0	0	1	0	0	0	0	NULL	NULL	NULL	NULL	0			0	0	0				0	0	0	0	0	0	0	NULL	NULL	NULL	NULL	NULL	NULL	NULL	NULL	NULL	NULL
507	4	0	AJUSTE I.S.P.T.               	50	A	20	(-1)		NULL		NULL	I	0	0	0	0	0	1	0	0	1	0	0	0	(-1)					140	0	0	0	0		1	0		0	NULL	0	0	0	0	0	0	0	0	0	0	01/04/2017 04:10	1	0	0	0	0	0	0	AJUST	0	0	1	0	0	0	0	NULL	NULL	NULL	NULL	0			0	0	0				0	0	0	0	0	0	0	0	NULL	2	0	0	0		NULL	NULL	0
508	4	0	ISR COMPENSAR Ejercicio Ant   	50	A	20	@C0509*(-1)		NULL		NULL	T	0	0	0	0	0	1	0	0	0	0	0	0	@C0509*(-1)					140	0	0	0	0		1	0		0	NULL	0	0	0	0	0	0	0	0	0	0	19/06/2014 09:18	1	0	0	0	0	0	0	ISCEA	0	0	1	0	0	0	0	NULL	NULL	NULL	NULL	0			0	0	0				0	0	0	0	0	0	0	NULL	NULL	NULL	NULL	NULL	NULL	NULL	NULL	NULL	NULL
509	4	0	ISR COMPENSAR Ej. ant. NO IMPR	50	A	20	1		NULL	@C0403	NULL	I	0	0	0	0	0	1	0	0	0	0	0	0	1			@C0403		130	0	0	0	0		0	0		0	NULL	0	0	0	1	1	0	0	0	0	0	19/06/2014 09:07	1	0	0	0	0	0	0	ICA  	0	0	1	0	0	0	0	NULL	NULL	NULL	NULL	0			0	0	0				0	0	0	0	0	0	0	NULL	NULL	NULL	NULL	NULL	NULL	NULL	NULL	NULL	NULL
510	4	0	DEUDORES DIVERSOS             	50	A	20	1		NULL		NULL	I	0	0	0	0	0	1	0	0	0	0	0	0	1					5100	0	0	0	0		0	0		0	NULL	0	0	0	0	0	0	0	0	0	0	24/10/2012 19:25	1	0	0	0	0	0	0	DEUDO	0	0	1	0	0	0	0	NULL	NULL	NULL	NULL	0			0	0	0				0	0	0	0	0	0	0	NULL	NULL	4	NULL	NULL	NULL	NULL	NULL	NULL	NULL
511	4	0	AHORRO CAJA CONFIANZA         	50	A	20	1		NULL		NULL	I	0	0	0	0	0	1	0	0	0	0	0	0	1					4660	0	0	0	0		0	0		0	NULL	0	0	0	0	0	0	0	0	0	0	24/10/2012 09:31	1	0	0	0	0	0	0	apo  	0	0	1	0	0	0	0	NULL	NULL	NULL	NULL	0			0	0	0				0	0	0	0	0	0	0	0	NULL	4	0	NULL	NULL	NULL	NULL	NULL	NULL
512	4	0	PMO CAJA SECC.7               	50	A	20	1		NULL		NULL	I	0	0	0	0	0	1	0	0	1	0	0	0	1					4690	0	0	0	0		0	0		0	NULL	0	0	0	0	0	0	0	0	0	0	23/07/2014 08:38	1	0	0	0	0	0	0	des  	0	0	1	0	0	0	0	NULL	NULL	NULL	NULL	0			0	0	0				0	0	0	0	0	0	0	0	NULL	4	0	NULL	NULL	NULL	NULL	NULL	NULL
513	4	0	PMO CAJA CONFIANZA            	50	A	20	1		NULL		NULL	I	0	0	0	0	0	1	0	0	1	0	1	0	1					4670	0	1	0	0		0	0		0	NULL	0	0	0	0	0	0	0	0	0	0	27/06/2014 09:48	1	0	0	0	0	0	0	des  	0	0	1	0	0	0	0	NULL	NULL	NULL	NULL	0			0	0	0				0	0	0	0	0	0	0	0	NULL	4	0	NULL	NULL	NULL	NULL	NULL	NULL
514	4	0	FINANCIERA MENOS PAGOS        	50	A	20	1		NULL		NULL	I	0	0	0	0	0	1	0	0	0	0	0	0	1					5125	0	0	0	0		0	0		0	NULL	0	0	0	0	0	0	0	0	0	0	26/11/2015 17:49	1	0	0	0	0	0	0	FINAN	0	0	1	0	0	0	0	NULL	NULL	NULL	NULL	0			0	0	0				0	0	0	0	0	0	0	0	0	4	0	0	NULL	NULL	NULL	NULL	NULL
515	4	0	CAJA POPULAR                  	50	A	20	1		NULL		NULL	I	0	0	0	0	0	1	0	0	0	0	0	0	1					5126	0	0	0	0		0	0		0	NULL	0	0	0	0	0	0	0	0	0	0	25/05/2016 09:40	1	0	0	0	0	0	0	CPOP 	0	0	1	0	0	0	0	NULL	NULL	NULL	NULL	0			0	0	0				0	0	0	0	0	0	0	0	0	4	0	0	NULL	NULL	NULL	NULL	NULL
614	4	0	FINANCIERA MENOS PAGOS        	50	A	20	1		NULL		NULL	I	0	0	0	0	0	0	0	0	0	0	1	0	1					5125	0	0	0	0		0	0		0	NULL	0	0	0	0	0	0	0	0	0	0	28/06/2016 09:08	1	0	0	0	0	0	0	FMP  	0	0	1	0	0	0	0	NULL	NULL	NULL	NULL	0			0	0	0				0	0	0	0	0	0	0	0	0	4	0	0	NULL	NULL	NULL	NULL	NULL
615	4	0	CAJA POPULAR                  	50	A	20	1		NULL		NULL	I	0	0	0	0	0	0	0	0	0	0	1	0	1					5126	0	0	0	0		0	0		0	NULL	0	0	0	0	0	0	0	0	0	0	28/06/2016 09:08	1	0	0	0	0	0	0	CP   	0	0	1	0	0	0	0	NULL	NULL	NULL	NULL	0			0	0	0				0	0	0	0	0	0	0	0	0	4	0	0	NULL	NULL	NULL	NULL	NULL
799	4	0	DIAS PEND. DE PAGO            	10	A	0	1					I	0	0	0	0	1	1	0	0	0	0	0	0	1					1	0	0	1	0		0	0		0	NULL	0	0	0	1	1	0	0	100	0	0	20/01/2012 18:33	1	0	0	0	0	0	0	     	0	0	1	0	0	0	0	NULL	NULL	NULL	NULL	0			0	0	0				0	0	0	0	0	0	0	NULL	NULL	NULL	NULL	NULL	NULL	NULL	NULL	NULL	NULL
903	4	0	BG MEDIA HORAS TURNO          	10	A	2	@C0003	#EXENDESC				T	0	0	0	0	1	1	0	0	0	0	0	0	@C0003	"dbo.spf_ExenDesc(t2.CLA_EMPRESA, t2.CLA_TRAB, t2.NUM_NOMINA, t2.FOLIO_NOM, t1.CLA_PERDED, t1.FOL_AUTO, t2.CLA_PERIODO, t1.FECHA_APLICA, 5.0)"				9	0	1	1	0		0	0		0	NULL	0	0	0	1	1	0	0	0	0	0	15/12/2016 11:12	1	1	0	0	0	0	0	     	0	0	1	0	0	0	0	NULL	NULL	NULL	NULL	0			0	0	0				0	0	0	0	0	0	0	0	NULL	NULL	0	NULL	NULL	NULL	3	NULL	NULL
904	4	0	BG MEDIA HORA ALIMENTOS       	10	A	2	@C0004	#EXENDESC				T	0	0	0	0	1	1	0	0	0	0	0	0	@C0004	"dbo.spf_ExenDesc(t2.CLA_EMPRESA, t2.CLA_TRAB, t2.NUM_NOMINA, t2.FOLIO_NOM, t1.CLA_PERDED, t1.FOL_AUTO, t2.CLA_PERIODO, t1.FECHA_APLICA, 5.0)"				11	0	1	1	0		0	0		0	NULL	0	0	0	1	1	0	0	0	0	0	22/12/2016 00:06	1	1	0	0	0	0	0	     	0	0	1	0	0	0	0	NULL	NULL	NULL	NULL	0			0	0	0				0	0	0	0	0	0	0	0	NULL	NULL	0	NULL	NULL	NULL	3	NULL	NULL
998	4	0	SDI VAC                       	10	A	0	SUE_F_DIA					T	0	0	0	0	1	1	1	1	1	1	1	0	t4.P_DIA					999	0	0	0	0		0	0	AND T4.TIPO_FALTA IN('Z')	0	NULL	0	0	0	1	1	0	0	100	0	0	22/02/2012 22:19	1	0	0	0	1	0	0	     	0	0	1	0	0	0	0	NULL	NULL	NULL	NULL	0			0	0	0				0	0	0	0	0	0	0	NULL	NULL	NULL	NULL	NULL	NULL	NULL	NULL	NULL	NULL
999	4	0	SDI EMP                       	10	B	0	1					T	0	0	0	0	1	0	0	0	0	1	0	0	1					999	0	0	0	0		0	0		0	NULL	0	0	0	1	1	0	0	100	0	0	30/10/2013 10:30	1	0	0	0	0	0	0	     	0	0	1	0	0	0	0	NULL	NULL	NULL	NULL	0			0	0	0				0	0	0	0	0	0	0	NULL	NULL	NULL	NULL	NULL	NULL	NULL	NULL	NULL	NULL
1000	4	0	PERC. ORDINARIA SALARIOS      	10	B	1	#SUELDOCAT				VALGEN01D	T	0	1	0	1	1	1	0	1	0	0	1	0	"dbo.spf_SueldoTrab(T2.CLA_EMPRESA,T2.CLA_TRAB,T2.NUM_NOMINA,T2.FOLIO_NOM,T1.CLA_PERDED,T1.FOL_AUTO,T2.CLA_PERIODO,T1.FECHA_APLICA,T2.SIND,T1.REFERENCIA)"				t1.VALGEN01	2	0	0	0	1	Dias	0	0	"AND DBO.SPF_PAGASUELDO(T1.CLA_EMPRESA,T1.FOLIO_NOM,T1.CLA_TRAB,T4.FECHA_PAGO) = 1"	0	NULL	0	0	0	0	0	100	0	1	10	0	29/07/2011 14:07	1	1	0	0	1	0	0	PORDO	0	0	1	0	1	0	0	NULL	NULL	NULL	NULL	0			0	0	0				0	0	0	0	0	0	0	0	NULL	NULL	0	NULL	NULL	NULL	NULL	NULL	NULL
1001	4	0	PAGO CAT. X DOBLETE           	10	A	1	#PAGXDBLTE					T	0	0	0	0	1	1	0	0	0	0	0	0	"dbo.spf_SueldoTrab_Doblete(T2.CLA_EMPRESA,T2.CLA_TRAB,T2.NUM_NOMINA,T2.FOLIO_NOM,T1.CLA_PERDED,T1.FOL_AUTO,T2.CLA_PERIODO,T1.FECHA_APLICA,T2.SIND)"					5	0	0	0	0		0	0		0	NULL	0	0	0	1	1	0	1	100	0	0	19/01/2012 11:21	1	0	0	0	1	0	0	CTGDB	0	0	1	0	1	0	0	NULL	NULL	NULL	NULL	0			0	0	0				0	0	0	0	0	0	0	NULL	NULL	NULL	NULL	NULL	NULL	NULL	NULL	NULL	NULL
1003	4	0	ASISTENCIA DESTAJO            	10	A	0	1					I	0	0	0	1	1	1	1	1	0	1	0	0	1					1	0	0	0	1		0	0		0	NULL	0	0	0	1	1	1	0	100	60	0	22/11/2013 12:32	1	0	0	0	1	0	1	     	1	0	1	0	1	0	0	NULL	NULL	NULL	NULL	0			0	0	0				0	0	0	0	0	0	0	0	NULL	NULL	0	NULL	NULL	NULL	NULL	NULL	NULL
1010	4	0	PERC. ORDINARIA SALARIOS*     	10	B	0	#SUELDOCAT					T	0	1	0	1	1	1	0	1	0	0	1	0	"dbo.spf_SueldoTrab(T2.CLA_EMPRESA,T2.CLA_TRAB,T2.NUM_NOMINA,T2.FOLIO_NOM,T1.CLA_PERDED,T1.FOL_AUTO,T2.CLA_PERIODO,T1.FECHA_APLICA,T2.SIND,T1.REFERENCIA)"					1	0	0	0	1	Dias	0	0	"AND DBO.SPF_PAGASUELDO(T1.CLA_EMPRESA,T1.FOLIO_NOM,T1.CLA_TRAB,T4.FECHA_PAGO) = 1"	0	NULL	0	0	0	0	0	100	0	1	0	0	29/07/2011 14:31	1	1	0	0	1	0	0	PORDO	0	0	1	0	0	0	0	NULL	NULL	NULL	NULL	0			0	0	0				0	0	0	0	0	0	0	0	NULL	NULL	0	NULL	NULL	NULL	NULL	NULL	NULL
1013	4	0	ART 98 C. LEY  S Y            	10	A	0	1					I	0	0	0	0	1	1	0	0	0	0	0	0	1					6	0	0	0	0		0	1		0	NULL	0	0	0	1	1	0	0	0	0	0	31/10/2012 10:24	1	0	0	0	1	0	0	ART 9	0	0	1	0	0	0	0	NULL	NULL	NULL	NULL	0			0	0	0				0	0	0	0	0	0	0	NULL	NULL	NULL	NULL	NULL	NULL	NULL	NULL	NULL	NULL
1014	4	0	ART 98 FES                    	10	A	0	#SUELDOCIA/4					I	0	0	0	0	1	1	0	0	0	0	0	0	"dbo.ffn_sueldo_ing_v2 ( t1.cla_empresa  , t1.cla_trab , t1.cla_periodo , t1.num_nomina , t1.fol_auto , t1.fecha_aplica, t1.cla_tab_sue, t1.cla_turno)/4"					6	0	0	0	0		0	0		0	NULL	0	0	0	1	1	0	0	0	0	0	24/10/2012 10:11	1	0	0	0	0	0	0	ART  	0	0	1	0	0	0	0	NULL	NULL	NULL	NULL	0			0	0	0				0	0	0	0	0	0	0	NULL	NULL	NULL	NULL	NULL	NULL	NULL	NULL	NULL	NULL
1015	4	0	ART 98 VAL                    	10	A	0	1					I	0	0	0	0	1	1	0	0	0	0	0	0	1					6	0	0	0	0		1	0		0	NULL	0	0	0	1	1	0	0	0	0	0	31/10/2012 11:34	1	0	0	0	1	0	0	ART 9	0	0	1	0	0	0	0	NULL	NULL	NULL	NULL	0			0	0	0				0	0	0	0	0	0	0	NULL	NULL	NULL	NULL	NULL	NULL	NULL	NULL	NULL	NULL
1020	4	0	6TO. Y 7MO. DIA PASO          	10	a	1	(#SEXTSEPT +  @C1082 + @C1081 +  @C1000 +  @C1010 + @C1080)/ DIAS_LABS7					T	0	1	0	0	1	1	0	0	1	0	0	0	"(dbo.spf_SexSepDia(T1.CLA_EMPRESA,T1.CLA_TRAB,T2.FECHA_INI_CALC,T2.FECHA_FIN_CALC,T1.FOLIO_NOM)+@C1082+@C1081+@C1000+@C1010+@C1080)/(t2.DIAS_LAB_CALC - t2.SEP_DIA_CALC)"					70	0	0	0	1	Dias	0	0	AND T2.DIAS_LAB_CALC > T2.SEP_DIA_CALC	0	NULL	0	0	0	1	1	0	0	100	0	0	05/08/2011 19:26	1	0	0	0	0	0	0	SYSMO	0	0	1	0	0	0	0	NULL	NULL	NULL	NULL	0			0	0	0				0	0	0	0	0	0	0	0	NULL	NULL	NULL	NULL	NULL	NULL	NULL	NULL	NULL
1021	4	0	6TO. Y 7MO. DIA               	10	A	1	@C1020  * #TABLA7DIA					T	0	0	0	0	1	1	0	0	0	0	0	0	"@C1020*dbo.spf_TablaSeptimoDia(t2.CLA_EMPRESA,t2.DIAS_LAB_TMP,T2.FECHA_INI_CALC,T2.FECHA_FIN_CALC)"					71	0	0	0	1	Dias	0	0		0	NULL	0	0	0	0	0	0	0	2	0	0	08/08/2011 18:41	1	1	0	0	0	0	0	6Y7PG	0	0	1	0	0	0	0	NULL	NULL	NULL	NULL	0			0	0	0				0	0	0	0	0	0	0	NULL	NULL	NULL	NULL	NULL	NULL	NULL	NULL	NULL	NULL
1030	4	0	TIEMPO DE ALIMENTOS           	10	A	1	#SUELDOCAT					T	0	1	0	0	1	1	0	0	0	0	1	0	"dbo.spf_SueldoTrab(T2.CLA_EMPRESA,T2.CLA_TRAB,T2.NUM_NOMINA,T2.FOLIO_NOM,T1.CLA_PERDED,T1.FOL_AUTO,T2.CLA_PERIODO,T1.FECHA_APLICA,T2.SIND,T1.REFERENCIA)"					4	0	0	0	1	Dias	0	0		0	NULL	0	0	0	0	0	3	0	5	0	0	11/07/2011 12:47	1	1	0	0	1	0	0	TALIM	0	0	1	0	0	0	0	NULL	NULL	NULL	NULL	0			0	0	0				0	0	0	0	0	0	0	0	NULL	NULL	NULL	NULL	NULL	NULL	NULL	NULL	NULL
1031	4	0	ALIMENTOS X DOBLETE           	10	A	0	#PAGXDBLTE					T	0	0	0	0	1	1	0	0	0	0	0	0	"dbo.spf_SueldoTrab_Doblete(T2.CLA_EMPRESA,T2.CLA_TRAB,T2.NUM_NOMINA,T2.FOLIO_NOM,T1.CLA_PERDED,T1.FOL_AUTO,T2.CLA_PERIODO,T1.FECHA_APLICA,T2.SIND)"					5	0	0	0	0		0	0		0	NULL	0	0	0	1	1	0	3	100	0	0	17/01/2012 17:59	1	0	0	0	1	0	0	ALIDB	0	0	1	0	0	0	0	NULL	NULL	NULL	NULL	0			0	0	0				0	0	0	0	0	0	0	NULL	NULL	NULL	NULL	NULL	NULL	NULL	NULL	NULL	NULL
1040	4	0	ROTACION DE TURNO DETALLADO   	10	A	2	(#VALORCAT/(#HRJOR)) * 2					T	0	1	0	0	1	1	0	0	0	0	0	0	"(dbo.spf_SueldoCat(T1.CLA_EMPRESA,T1.CLA_TAB_SUE,T1.NIV_TAB_SUE,T1.FECHA_APLICA)/(dbo.Hrs_Jor(T1.CLA_EMPRESA,T1.CLA_TURNO)))*2"					3	0	0	0	1	HRS	0	0	"AND T1.CLA_TURNO IN (2,3)"	0	NULL	0	0	0	1	1	2	0	100	11	0	11/07/2011 11:32	1	0	0	0	1	0	0	TROTT	0	0	1	0	0	0	0	NULL	NULL	NULL	NULL	0	#SUELDOCAT	"dbo.spf_SueldoTrab(T2.CLA_EMPRESA,T2.CLA_TRAB,T2.NUM_NOMINA,T2.FOLIO_NOM,T1.CLA_PERDED,T1.FOL_AUTO,T2.CLA_PERIODO,T1.FECHA_APLICA,T2.SIND,T1.REFERENCIA)"	0	0	0				0	0	0	0	0	0	0	0	NULL	NULL	NULL	NULL	NULL	NULL	3	NULL	NULL
1041	4	0	ROTACION DE TURNO             	10	A	2	@C1040	#EXENDESC			IMPNOINTHR	T	0	0	0	0	1	1	0	0	1	0	0	0	@C1040	"dbo.spf_ExenDesc(t2.CLA_EMPRESA, t2.CLA_TRAB, t2.NUM_NOMINA, t2.FOLIO_NOM, t1.CLA_PERDED, t1.FOL_AUTO, t2.CLA_PERIODO, t1.FECHA_APLICA, 5)"			t1.EVA_IMSS_SQL	3	0	0	0	0		0	0		0	NULL	0	0	0	0	0	0	0	3	71	0	21/01/2012 13:13	1	1	0	0	0	0	0	ROTT 	0	0	1	0	0	0	0	NULL	NULL	NULL	NULL	0			0	0	0				0	0	0	0	0	0	0	NULL	NULL	NULL	NULL	NULL	NULL	NULL	3	NULL	NULL
1043	4	0	ROTACION X DOBLETE            	10	A	0	(#VALORCAT/(#HRJOR)) * 2					T	0	0	0	0	1	1	0	0	1	0	0	0	"(dbo.spf_SueldoCat(T1.CLA_EMPRESA,T1.CLA_TAB_SUE,T1.NIV_TAB_SUE,T1.FECHA_APLICA)/(dbo.Hrs_Jor(T1.CLA_EMPRESA,T1.CLA_TURNO)))*2"					5	0	0	0	1	HRS	0	0	"AND T1.CLA_TURNO IN (2,3)"	0	NULL	0	0	0	1	1	0	2	100	0	0	17/01/2012 15:28	1	0	0	0	1	0	0	ROTDB	0	0	1	0	0	0	0	NULL	NULL	NULL	NULL	0	#PAGXDBLTE	"dbo.spf_SueldoTrab_Doblete(T2.CLA_EMPRESA,T2.CLA_TRAB,T2.NUM_NOMINA,T2.FOLIO_NOM,T1.CLA_PERDED,T1.FOL_AUTO,T2.CLA_PERIODO,T1.FECHA_APLICA,T2.SIND)"	0	0	0				0	0	0	0	0	0	0	NULL	NULL	NULL	NULL	NULL	NULL	NULL	NULL	NULL	NULL
1050	4	0	TIEMPO EXTRA DOBLE            	10	A	2	IMP_MOV/ MONTO_MOV	IMPEXENHRS			IMPNOINTHR	I	0	1	0	0	1	1	0	0	0	0	0	0	t1.EVA_FOR_SQL/t1.MONTO	t1.EVA_EXE_SQL			t1.EVA_IMSS_SQL	10	0	0	0	1	HRS	0	0		0	NULL	0	0	0	0	0	0	0	3	0	0	09/02/2012 10:31	1	1	0	0	0	0	0	TEXDO	0	0	1	0	0	0	0	NULL	NULL	NULL	NULL	0			0	0	0				0	0	0	0	0	0	0	0	NULL	NULL	NULL	NULL	NULL	NULL	3	NULL	NULL
1051	4	0	TIEMPO EXTRA EMP              	10	B	2	@C1052 + @C1053	#EXENHED				T	0	0	0	0	1	1	0	0	0	0	0	0	@C1052+@C1053	"dbo.INGTAMA_EXEN_HED(T1.CLA_EMPRESA,T1.CLA_TRAB,T1.CLA_PERDED,T1.MONTO,T1.FOL_aUTO,T1.FOL_MOV_NOMINA,T1.FOLIO_NOM)"				1051	0	0	0	0		0	0	"AND T2.CLA_CLASIFICACION IN (7,17,8,18)"	0	NULL	0	0	0	0	0	0	0	100	0	0	21/01/2012 11:13	1	1	0	0	0	0	0	     	0	0	1	0	0	0	0	NULL	NULL	NULL	NULL	0			0	0	0				0	0	0	0	0	0	0	NULL	NULL	NULL	NULL	NULL	NULL	NULL	3	NULL	NULL
1052	4	0	TIEMPO EXT EMP MOV            	10	B	0	(SUE_DIA/(#HRJOR)) * 2					I	0	0	0	0	1	1	0	0	0	0	0	0	"(t2.SUE_DIA/(dbo.Hrs_Jor(T1.CLA_EMPRESA,T1.CLA_TURNO)))*2"					1050	0	0	0	0		0	0		0	NULL	0	0	0	1	1	0	0	100	0	0	08/02/2012 18:14	1	0	0	0	0	0	0	     	0	0	1	0	0	0	0	NULL	NULL	NULL	NULL	0	#HRSDOBLES	"dbo.INGTAMA_MONTO_HED(T1.CLA_EMPRESA,T1.CLA_TRAB,T1.CLA_PERDED,T1.MONTO,T1.FOL_aUTO,T1.FOL_MOV_NOMINA,T1.FOLIO_NOM)"	0	0	0				0	0	0	0	0	0	0	NULL	NULL	NULL	NULL	NULL	NULL	NULL	NULL	NULL	NULL
1053	4	0	TIEMPO EXTRA EMP ROTA         	10	B	0	@C2041 / #HRSROTACI					T	0	0	0	0	1	1	0	0	0	0	0	0	"@C2041/dbo.INGTAMA_MONTO_HED_ROT(T1.CLA_EMPRESA,T1.CLA_TRAB,T1.CLA_PERDED,T1.MONTO,T1.FOL_aUTO,T1.FOL_MOV_NOMINA,T1.FOLIO_NOM)"					1049	0	0	0	0		0	0		0	NULL	0	0	0	1	1	0	0	100	0	0	08/02/2012 18:18	1	0	0	0	0	0	0	     	0	0	1	0	0	0	0	NULL	NULL	NULL	NULL	0	#HRSROTACI	"dbo.INGTAMA_MONTO_HED_ROT(T1.CLA_EMPRESA,T1.CLA_TRAB,T1.CLA_PERDED,T1.MONTO,T1.FOL_aUTO,T1.FOL_MOV_NOMINA,T1.FOLIO_NOM)"	0	0	0				0	0	0	0	0	0	0	NULL	NULL	NULL	NULL	NULL	NULL	NULL	NULL	NULL	NULL
1059	4	0	AYUDA FAM ZAF1                	10	A	0	#ACUM / MONTO_MOV					I	0	0	0	0	1	0	0	0	0	1	0	0	t1.acum/t1.MONTO					10	0	0	0	1		0	0		0	NULL	0	0	0	1	1	0	0	0	0	0	11/04/2014 20:18	0	0	0	0	1	0	0	AYFMZ	0	0	1	0	0	1	0	NULL	NULL	NULL	NULL	0			0	0	0				0	0	0	0	0	0	0	NULL	NULL	NULL	NULL	NULL	NULL	NULL	NULL	NULL	NULL
1060	4	0	AYUDA FAM ZAFRA2              	10	A	0	#ACUM / MONTO_MOV					I	0	0	0	0	1	0	0	0	0	1	0	0	t1.acum/t1.MONTO					10	0	0	0	0		0	0		0	NULL	0	0	0	1	1	0	0	0	0	0	11/04/2014 20:19	0	0	0	0	1	0	0	AYFZ2	0	0	1	0	0	1	0	NULL	NULL	NULL	NULL	0			0	0	0				0	0	0	0	0	0	0	NULL	NULL	NULL	NULL	NULL	NULL	NULL	NULL	NULL	NULL
1070	4	0	CONTRATOS Y CONVENIOS         	10	A	0	#IMPORTECO					T	0	1	0	0	1	1	0	0	1	0	0	0	"dbo.spf_Agrupa_Importe_Contratos(T1.CLA_EMPRESA,T1.CLA_TRAB,T1.FOLIO_NOM,T1.CLA_TURNO,T1.CLA_TAB_SUE,T1.CLA_DEPTO)"					60	0	0	0	0		0	0		0	NULL	0	0	0	0	0	8	0	100	70	0	22/10/2012 12:37	1	1	0	0	0	0	0	CONTR	0	0	1	0	0	0	0	NULL	NULL	NULL	NULL	0			0	0	0				0	0	0	0	0	0	0	0	NULL	NULL	NULL	NULL	NULL	NULL	NULL	NULL	NULL
1071	4	0	CONTRATOS                     	10	A	0	@C1070 + @C1072					T	0	0	0	0	1	1	0	0	0	0	0	0	@C1070+@C1072					1071	0	0	1	0		0	0		0	NULL	0	0	0	1	1	0	0	100	71	0	25/01/2012 14:08	1	0	0	0	0	0	0	     	0	0	1	0	0	0	0	NULL	NULL	NULL	NULL	0			0	0	0				0	0	0	0	0	0	0	NULL	NULL	NULL	NULL	NULL	NULL	NULL	NULL	NULL	NULL
1072	4	0	CONTRATOS EMP                 	10	A	0	1					I	0	0	0	0	1	1	0	0	0	0	0	0	1					2	0	0	0	0		0	0		0	NULL	0	0	0	0	0	0	0	100	0	0	03/02/2012 11:46	1	1	0	0	0	0	0	     	0	0	1	0	0	0	0	NULL	NULL	NULL	NULL	0			0	0	0				0	0	0	0	0	0	0	NULL	NULL	NULL	NULL	NULL	NULL	NULL	NULL	NULL	NULL
1080	4	0	FESTIVO PAGADO                	10	A	19	#DESC					I	0	1	0	0	1	1	0	0	0	0	0	0	"dbo.ffn_descanso_1145 (t2.cla_empresa, t2.cla_trab, t2.cla_periodo, t2.num_nomina )"					3	0	0	0	1	Dias	0	0		0	NULL	0	0	0	0	0	4	0	6	0	0	01/08/2011 04:45	1	1	0	0	1	0	0	FPAG 	0	0	1	0	0	0	0	NULL	NULL	NULL	NULL	0			0	0	0				0	0	0	0	0	0	0	0	NULL	NULL	NULL	NULL	NULL	NULL	NULL	NULL	NULL
1081	4	0	PAGO ALIM. FEST.              	10	B	1	#ALIM.FEST * (@C1080/@C1080)					T	0	0	0	0	1	1	0	0	0	0	0	0	"dbo.spf_AlimFest(t1.cla_empresa,t4.cla_turno,t1.fecha_aplica,t1.cla_tab_sue)*(@C1080/@C1080)"					4	0	0	0	1	Dias	0	0	"AND DBO.SPF_ESDIAFESTIVO(T1.CLA_EMPRESA,T1.FOLIO_NOM,T1.CLA_TRAB,T1.FECHA_APLICA) = 1"	0	NULL	0	0	0	0	1	7	0	100	0	0	04/08/2011 16:34	1	0	0	0	1	0	0	AFEST	0	0	1	0	0	0	0	NULL	NULL	NULL	NULL	0			0	0	0				0	0	0	0	0	0	0	NULL	NULL	NULL	NULL	NULL	NULL	NULL	NULL	NULL	NULL
1082	4	0	ROTACION FEST.DESC.           	10	A	2	@C1080 / #ROTFEST	#EXENDESC			IMPNOINTHR	T	0	0	0	0	1	1	0	0	0	0	0	0	"@C1080/dbo.spf_RotacionFest(T2.CLA_EMPRESA,T2.CLA_TRAB,T4.NUM_NOMINA,T1.FECHA_APLICA)"	"dbo.spf_ExenDesc(t2.CLA_EMPRESA, t2.CLA_TRAB, t2.NUM_NOMINA, t2.FOLIO_NOM, t1.CLA_PERDED, t1.FOL_AUTO, t2.CLA_PERIODO, t1.FECHA_APLICA, 5)"			t1.EVA_IMSS_SQL	4	0	0	0	1	Dias	0	0	"AND DBO.SPF_ESDIAFESTIVO(T1.CLA_EMPRESA,T1.FOLIO_NOM,T1.CLA_TRAB,T1.FECHA_APLICA) = 1 AND T4.CLA_TURNO IN (2,3)"	0	NULL	0	0	0	0	1	7	0	100	0	0	04/08/2011 17:59	1	0	0	0	1	0	0	ROTFT	0	0	1	0	0	0	0	NULL	NULL	NULL	NULL	0			0	0	0				0	0	0	0	0	0	0	NULL	NULL	NULL	NULL	NULL	NULL	NULL	3	NULL	NULL
1150	4	0	PRIMA DOBLE                   	10	A	1	#PRIMAS					T	0	1	0	0	1	1	0	0	0	0	1	0	"dbo.spf_PagoPrima(T1.CLA_EMPRESA,T1.CLA_TRAB,T1.FOLIO_NOM,T1.FECHA_APLICA,T1.REFERENCIA)"					11	0	0	0	0		0	0	"AND (DBO.SPF_ESDIAFESTIVO(T1.CLA_EMPRESA,T1.FOLIO_NOM,T1.CLA_TRAB,T1.FECHA_APLICA) = 1   OR DATEPART(DW,T4.FECHA_PAGO) = 7)"	0	NULL	0	0	0	0	0	0	0	14	1	0	24/10/2011 23:14	1	1	0	0	1	0	0	PDOBL	0	0	1	0	1	0	0	NULL	NULL	NULL	NULL	0			0	0	0				0	0	0	0	0	0	0	0	NULL	NULL	NULL	NULL	NULL	NULL	NULL	NULL	NULL
1151	4	0	PRIMA DOBLE X DOBLETE         	10	A	0	#PRIMASDBL					T	0	1	0	0	1	1	0	0	0	0	0	0	"dbo.spf_PagoPrima_DOBLETE(T1.CLA_EMPRESA,T1.CLA_TRAB,T1.FOLIO_NOM,T1.FECHA_APLICA,T1.REFERENCIA)"					6	0	0	0	0		0	0	"AND (DBO.SPF_ESDIAFESTIVO(T1.CLA_EMPRESA,T1.FOLIO_NOM,T1.CLA_TRAB,T1.FECHA_APLICA) = 1   OR DATEPART(DW,T4.FECHA_PAGO) = 7)"	0	NULL	0	0	0	1	1	0	4	100	0	0	19/01/2012 22:33	1	0	0	0	1	0	0	PDXDB	0	0	1	0	1	0	0	NULL	NULL	NULL	NULL	0			0	0	0				0	0	0	0	0	0	0	0	NULL	NULL	NULL	NULL	NULL	NULL	NULL	NULL	NULL
1161	4	0	PRIMAS X DOBLETE              	10	A	0	#PRIMASDBL					T	0	1	0	0	1	1	0	0	0	0	1	0	"dbo.spf_PagoPrima_DOBLETE(T1.CLA_EMPRESA,T1.CLA_TRAB,T1.FOLIO_NOM,T1.FECHA_APLICA,T1.REFERENCIA)"					6	0	0	0	0		0	0	"AND DBO.SPF_ESDIAFESTIVO(T1.CLA_EMPRESA,T1.FOLIO_NOM,T1.CLA_TRAB,T1.FECHA_APLICA) = 0 AND  DATEPART(DW,T4.FECHA_PAGO) != 7"	0	NULL	0	0	0	1	1	0	5	100	0	0	19/01/2012 22:35	1	0	0	0	1	0	0	PRIMA	0	0	1	0	0	0	0	NULL	NULL	NULL	NULL	0			0	0	0				0	0	0	0	0	0	0	0	NULL	NULL	NULL	NULL	NULL	NULL	NULL	NULL	NULL
1170	4	0	SOBRE PRIMA                   	10	A	1	#SOBREPRIM					T	0	1	0	0	1	1	0	0	0	0	1	0	"dbo.spf_PagoSobrePrima(T1.CLA_EMPRESA,T1.CLA_TRAB,T1.FOLIO_NOM,T1.FECHA_APLICA,T1.REFERENCIA)"					10	0	0	0	0		0	0		0	NULL	0	0	0	0	0	0	0	14	1	0	24/10/2011 14:30	1	1	0	0	1	0	0	SPRIM	0	0	1	0	0	0	0	NULL	NULL	NULL	NULL	0			0	0	0				0	0	0	0	0	0	0	0	NULL	NULL	NULL	NULL	NULL	NULL	NULL	NULL	NULL
1171	4	0	SOBRE PRIMA X DOBLETE         	10	A	0	#SOBPRIDBT					T	0	1	0	0	1	1	0	0	0	0	0	0	"dbo.spf_PagoSobrePrima_DOBLETE(T1.CLA_EMPRESA,T1.CLA_TRAB,T1.FOLIO_NOM,T1.FECHA_APLICA,T1.REFERENCIA)"					6	0	0	0	0		0	0		0	NULL	0	0	0	1	1	0	6	100	0	0	19/01/2012 22:37	1	0	0	0	1	0	0	SPRIM	0	0	1	0	0	0	0	NULL	NULL	NULL	NULL	0			0	0	0				0	0	0	0	0	0	0	0	NULL	NULL	NULL	NULL	NULL	NULL	NULL	NULL	NULL
1180	4	0	PREMIO PRESENCIA FISICA       	10	A	1	#PRE					I	0	1	0	0	1	1	0	0	0	0	0	0	"dbo.ffn_premio_pun (t2.cla_empresa, t2.cla_trab, t2.cla_periodo, t2.num_nomina, t1.cla_perded, t1.cla_tab_sue, t1.niv_tab_sue )"					1	0	0	0	1	DIAS	0	1		0	NULL	0	0	0	0	0	0	0	100	0	0	02/12/2011 14:04	1	1	0	0	0	0	0	PPFIS	0	0	1	0	0	0	0	NULL	NULL	NULL	NULL	0	MONTO_MOV	t1.MONTO	0	0	0				0	0	0	0	0	0	0	0	NULL	NULL	NULL	NULL	NULL	NULL	NULL	NULL	NULL
1190	4	0	VACACIONES OBRS.              	10	A	8	( #ACUMMON ) /  MONTO_MOV					I	0	1	0	0	1	1	0	0	0	1	1	0	(T1.ACUM)/t1.MONTO					1	0	0	0	0		0	1		0	NULL	0	0	0	0	0	0	0	8	20	0	26/02/2012 20:51	1	1	0	0	0	0	0	VACAC	0	0	1	0	0	0	0	NULL	NULL	NULL	NULL	0			0	0	0				0	0	0	0	0	0	0	0	NULL	NULL	NULL	NULL	NULL	NULL	NULL	NULL	NULL
1195	4	0	VACACIONES DE PISO            	10	A	8	( #ACUMMON ) /  MONTO_MOV					I	0	0	0	0	1	1	0	0	0	1	1	0	(T1.ACUM)/t1.MONTO					3	0	0	1	0		0	0		0	NULL	0	0	0	0	0	0	0	0	0	0	10/09/2012 18:34	1	0	0	0	0	0	0	VPISO	0	0	1	0	0	0	0	NULL	NULL	NULL	NULL	0			0	0	0				0	0	0	0	0	0	0	NULL	NULL	NULL	NULL	NULL	NULL	NULL	NULL	NULL	NULL
1200	4	0	PRIMA VACACIONAL              	10	A	12	( #ACUMMON ) /  MONTO_MOV	#EXENPRIVA				I	0	1	0	0	1	1	0	0	0	1	0	0	(T1.ACUM)/t1.MONTO	"dbo.spf_ExenPrimaVac(t2.CLA_EMPRESA, t2.CLA_TRAB, t2.NUM_NOMINA, t2.FOLIO_NOM, t1.CLA_PERDED, t1.FOL_AUTO, t2.CLA_PERIODO, t1.FECHA_APLICA, 15)"				1	0	0	1	0		0	0		0	NULL	0	0	0	0	0	0	0	9	20	0	19/12/2011 12:29	1	1	0	0	0	0	0	PVAC 	0	0	1	0	0	0	0	NULL	NULL	NULL	NULL	0			0	0	0				0	0	0	0	0	0	0	0	NULL	NULL	NULL	NULL	NULL	NULL	NULL	NULL	NULL
1205	4	0	PRIMA VACACIONAL PISO         	10	A	12	( #ACUMMON ) /  MONTO_MOV					I	0	0	0	0	1	1	0	0	0	1	1	0	(T1.ACUM)/t1.MONTO					3	0	0	1	0		0	0		0	NULL	0	0	0	0	0	0	0	0	0	0	10/09/2012 18:38	1	0	0	0	0	0	0	PVACP	0	0	1	0	0	0	0	NULL	NULL	NULL	NULL	0			0	0	0				0	0	0	0	0	0	0	NULL	NULL	NULL	NULL	NULL	NULL	NULL	NULL	NULL	NULL
1210	4	0	AGUINALDO OBREROS             	10	A	3	#ACUMMON /  MONTO_MOV	#EXENAGUI	30* SAL_MIN			I	0	1	0	0	1	0	1	0	1	1	0	0	T1.ACUM/t1.MONTO	"dbo.spf_ExenAguinaldo(t2.CLA_EMPRESA, t2.CLA_TRAB, t2.NUM_NOMINA, t2.FOLIO_NOM, t1.CLA_PERDED, t1.FOL_AUTO, t2.CLA_PERIODO, t1.FECHA_APLICA, 30)"	30*t2.SAL_MIN_ZONA			1	0	0	0	0		0	0		0	NULL	0	0	0	0	0	0	0	10	0	0	23/02/2012 02:17	1	1	0	0	0	0	0	AGUIN	0	0	1	0	0	0	0	NULL	NULL	NULL	NULL	0			0	0	0				0	0	0	0	0	0	0	0	NULL	NULL	NULL	NULL	NULL	NULL	NULL	NULL	NULL
1215	4	0	AGUINALDO PISO                	10	A	0	#ACUMMON /  MONTO_MOV	#EXENAGUI	30 * SAL_MIN			I	0	0	0	0	1	1	1	0	0	1	0	0	T1.ACUM/t1.MONTO	"dbo.spf_ExenAguinaldo(t2.CLA_EMPRESA, t2.CLA_TRAB, t2.NUM_NOMINA, t2.FOLIO_NOM, t1.CLA_PERDED, t1.FOL_AUTO, t2.CLA_PERIODO, t1.FECHA_APLICA, 30)"	30*t2.SAL_MIN_ZONA			3	0	0	1	0		0	0		0	NULL	0	0	0	0	0	0	0	0	0	0	11/09/2012 10:28	1	0	0	0	0	0	0	APISO	0	0	1	0	0	0	0	NULL	NULL	NULL	NULL	0			0	0	0				0	0	0	0	0	0	0	NULL	NULL	NULL	NULL	NULL	NULL	NULL	NULL	NULL	NULL
1220	4	0	GRATIFICACION FIN DE ZAFRA OB 	10	A	0	#VACYPVAC	SAL_MIN * 30				I	0	1	0	0	1	0	0	0	0	1	0	0	"dbo.spf_VacyPVac(T2.CLA_EMPRESA,T2.CLA_TRAB,T2.NUM_NOMINA,T2.FOLIO_NOM,T1.CLA_PERDED,T1.FOL_AUTO,T2.CLA_PERIODO,T1.FECHA_APLICA,T2.SIND)"	t2.SAL_MIN_ZONA*30				101	0	0	0	1	DIAS	0	0	 	0	NULL	0	0	0	0	0	0	0	100	0	0	24/08/2011 12:42	1	1	0	0	0	0	0	GFZAF	0	0	1	0	0	1	0	NULL	NULL	NULL	NULL	0			0	0	0				0	0	0	0	0	0	0	0	NULL	NULL	NULL	NULL	NULL	NULL	NULL	NULL	NULL
1230	4	0	SUBSIDIO ENFERMOS.            	10	B	0	#SUESUBSID * 0.50	IMP_MOV				I	0	0	0	0	1	1	0	0	0	0	0	0	"dbo.fnSueldoSubsidio(T2.CLA_EMPRESA, T2.CLA_TRAB, T2.FOLIO_NOM, T1.FOL_AUTO_FALTA, T2.SIND)*0.50"	t1.EVA_FOR_SQL				10	0	0	0	0		0	0		0	NULL	0	0	0	0	0	0	0	100	0	0	01/08/2011 15:45	1	1	0	0	0	0	0	SENF 	0	0	1	0	0	0	0	NULL	NULL	NULL	NULL	0			0	0	0				0	0	0	0	0	0	0	0	NULL	NULL	NULL	NULL	NULL	NULL	NULL	NULL	NULL
1240	4	0	FIDEICOMISO SUPRIMIDO         	10	B	1	1	NULL	NULL	NULL	NULL	T	0	0	0	0	1	1	0	0	0	0	0	0	NULL	NULL	NULL	NULL	NULL	1	0	0	0	0		0	0		0	NULL	0	0	0	0	0	0	0	100	0	0	29/07/2011 14:07	1	0	0	0	0	0	0	FAHO 	0	0	1	0	0	0	0	NULL	NULL	NULL	NULL	0	NULL	NULL	0	0	0	NULL	NULL	NULL	0	0	0	0	0	0	0	0	NULL	NULL	NULL	NULL	NULL	NULL	NULL	NULL	NULL
1250	4	0	VALES DESPENSA OBREROS        	10	A	0	1	IMP_MOV			IMP_MOV	I	0	0	0	0	1	0	0	0	0	1	0	0	1	t1.EVA_FOR_SQL			t1.EVA_FOR_SQL	1	0	0	0	0		0	0		0	NULL	0	0	0	0	0	0	0	100	0	0	10/01/2012 10:26	1	1	0	0	0	0	0	VDESP	0	0	1	0	0	0	0	NULL	NULL	NULL	NULL	0			0	0	0				0	0	0	0	0	0	0	0	NULL	NULL	NULL	NULL	NULL	NULL	NULL	NULL	NULL
1255	4	0	DESPENSA                      	10	B	0	#IDESP					T	0	0	0	0	1	1	0	0	0	0	0	0	"dbo.ffn_idespensa (t2.cla_empresa, t2.cla_trab, t2.cla_periodo, t2.num_nomina)"					4	0	0	0	0		0	0		0	NULL	0	0	0	0	0	0	0	0	0	0	05/12/2013 11:13	1	0	0	0	0	0	0	DESP 	0	0	1	0	0	0	0	NULL	NULL	NULL	NULL	0			0	0	0				0	0	0	0	0	0	0	NULL	NULL	NULL	NULL	NULL	NULL	NULL	NULL	NULL	NULL
1260	4	0	REPARTO AZUCAR A OBREROS      	50	A	1	1		NULL		NULL	I	0	0	0	0	1	1	0	0	0	1	0	0	1					10	0	0	1	0		0	0	AND T2.SIND = 1	0	NULL	0	0	0	0	0	0	0	100	0	0	21/12/2011 17:21	1	0	0	0	0	0	0	RAZU 	0	0	1	0	0	0	0	NULL	NULL	NULL	NULL	0	#DESCEMP	"dbo.ALS_IMPDED(T1.CLA_EMPRESA,T1.CLA_TRAB,T1.CLA_PERDED,T1.FOL_MOV_NOMINA,T1.FOL_AUTO_PRE,T2.ANIO_MES_ISPT,T1.FOLIO_NOM)"	0	0	0				0	0	0	0	0	0	0	0	NULL	NULL	NULL	NULL	NULL	NULL	NULL	NULL	NULL
1270	4	0	AYUDA UTILES ESCOLARES OB     	10	A	0	#VACYPVAC					I	0	0	0	0	1	1	0	0	0	0	0	0	"dbo.spf_VacyPVac(T2.CLA_EMPRESA,T2.CLA_TRAB,T2.NUM_NOMINA,T2.FOLIO_NOM,T1.CLA_PERDED,T1.FOL_AUTO,T2.CLA_PERIODO,T1.FECHA_APLICA,T2.SIND)"					100	0	0	0	1	DIAS	1	1		0	NULL	0	0	0	0	0	0	0	100	0	0	12/08/2011 10:16	1	0	0	0	0	0	0	GUTES	0	0	1	0	0	1	0	NULL	NULL	NULL	NULL	0			0	0	0				0	0	0	0	0	0	0	0	NULL	NULL	NULL	NULL	NULL	NULL	NULL	NULL	NULL
1280	4	0	PTU                           	10	B	1	1	NULL	NULL	NULL	NULL	NULL	0	0	NULL	1	1	0	0	1	0	1	0	NULL	NULL	NULL	NULL	NULL	NULL	1	0	0	NULL	NULL	NULL	NULL	NULL		NULL	NULL	NULL	NULL	NULL	0	0	NULL	NULL	NULL	NULL	NULL	NULL	1	1	NULL	NULL	NULL	NULL	NULL	PTU  	NULL	NULL	1	0	NULL	0	0	NULL	NULL	NULL	NULL	0	NULL	NULL	0	0	0	NULL	NULL	NULL	0	0	0	0	0	0	0	0	NULL	NULL	NULL	NULL	NULL	NULL	NULL	NULL	NULL
1290	4	0	RETROACTIVO                   	10	B	1	1	NULL	NULL	NULL	NULL	NULL	0	1	NULL	1	1	1	0	1	1	1	1	NULL	NULL	NULL	NULL	NULL	NULL	1	0	0	NULL	NULL	NULL	NULL	NULL		NULL	NULL	NULL	NULL	NULL	0	0	NULL	NULL	NULL	NULL	NULL	NULL	1	1	NULL	NULL	NULL	NULL	NULL	RETRO	NULL	NULL	1	0	NULL	0	0	NULL	NULL	NULL	NULL	0	NULL	NULL	0	0	0	NULL	NULL	NULL	0	0	0	0	0	0	0	0	NULL	NULL	NULL	NULL	NULL	NULL	NULL	NULL	NULL
1300	4	0	RECREACION FAMILIAR           	10	A	0	#VACYPVAC					I	0	0	0	0	1	1	0	0	0	0	0	0	"dbo.spf_VacyPVac(T2.CLA_EMPRESA,T2.CLA_TRAB,T2.NUM_NOMINA,T2.FOLIO_NOM,T1.CLA_PERDED,T1.FOL_AUTO,T2.CLA_PERIODO,T1.FECHA_APLICA,T2.SIND)"					1	0	0	0	1	DIAS	0	0		0	NULL	0	0	0	0	0	0	0	100	0	0	16/08/2011 13:14	1	0	0	0	0	0	0	RFAM 	0	0	1	0	0	1	0	NULL	NULL	NULL	NULL	0			0	0	0				0	0	0	0	0	0	0	0	NULL	NULL	NULL	NULL	NULL	NULL	NULL	NULL	NULL
1320	4	0	BONO DE PRODUCTIVIDAD OBREROS 	10	A	0	1					I	0	1	0	0	3	0	0	0	0	1	0	0	1					1	0	0	0	0		0	0		0	NULL	0	0	0	0	0	0	0	100	0	0	10/01/2012 17:17	1	1	0	0	0	0	0	BONOP	0	0	1	0	0	0	0	NULL	NULL	NULL	NULL	0			0	0	0				0	0	0	0	0	0	0	0	NULL	NULL	NULL	NULL	NULL	NULL	NULL	NULL	NULL
1321	4	0	BONO                          	10	A	0	1					I	0	0	0	0	1	1	0	0	0	0	0	0	1					4	0	0	1	0		0	0		0	NULL	0	0	0	0	0	0	0	0	0	0	28/08/2012 10:37	1	0	0	0	0	0	0	BONO 	0	0	1	0	0	0	0	NULL	NULL	NULL	NULL	0			0	0	0				0	0	0	0	0	0	0	NULL	NULL	NULL	NULL	NULL	NULL	NULL	NULL	NULL	NULL
1330	4	0	ISR COMPENSACION A FAVOR      	50	A	20	ISR_FAVOR*(-1)		NULL		NULL	I	0	0	0	0	1	1	0	0	0	0	0	0	t2.ISR_FAVOR*(-1)					999	0	0	0	0		1	0		0	NULL	0	0	0	0	0	0	0	100	0	0	04/08/2011 09:42	1	0	0	0	0	0	0	ISRFA	0	0	1	0	0	0	0	NULL	NULL	NULL	NULL	0			0	0	0				0	0	0	0	0	0	0	0	NULL	NULL	NULL	NULL	NULL	NULL	NULL	NULL	NULL
1331	4	0	LIQ. ISR A CARGO              	50	A	20	1		NULL		NULL	I	0	0	0	0	0	1	0	0	0	0	0	0	1					9990	0	0	1	0		0	0		0	NULL	0	0	0	0	0	0	0	100	0	0	04/08/2011 09:55	1	0	0	0	0	0	0	AJISR	0	0	1	0	0	0	0	NULL	NULL	NULL	NULL	0	#DESCEMP	"dbo.ALS_IMPDED(T1.CLA_EMPRESA,T1.CLA_TRAB,T1.CLA_PERDED,T1.FOL_MOV_NOMINA,T1.FOL_AUTO_PRE,T2.ANIO_MES_ISPT,T1.FOLIO_NOM)"	0	0	0				0	0	0	0	0	0	0	NULL	NULL	NULL	NULL	NULL	NULL	NULL	NULL	NULL	NULL
1332	4	0	LIQ. ISR A FAVOR              	10	A	0	1					I	0	0	0	0	1	1	0	0	1	0	0	0	1					999	0	0	1	0		0	0		0	NULL	0	0	0	0	0	0	0	100	0	0	04/08/2011 09:59	1	0	0	0	0	0	0	ISRFV	0	0	1	0	0	0	0	NULL	NULL	NULL	NULL	0			0	0	0				0	0	0	0	0	0	0	NULL	NULL	NULL	NULL	NULL	NULL	NULL	NULL	NULL	NULL
1333	4	0	ISR A COMPENSAR               	50	A	20	1					I	0	0	0	0	1	1	0	0	0	0	0	0	1					800	0	0	1	0		0	0		0	NULL	0	0	0	1	1	0	0	100	0	0	04/08/2011 10:04	1	0	0	0	0	0	0	ISRCO	0	0	1	0	0	0	0	NULL	NULL	NULL	NULL	0			0	0	0				0	0	0	0	0	0	0	NULL	NULL	NULL	NULL	NULL	NULL	NULL	NULL	NULL	NULL
1340	4	0	TRASLADO ENFERMOS             	10	A	0	1					I	0	0	0	0	1	1	0	0	0	0	0	0	1					12	0	0	0	0		0	0		0	NULL	0	0	0	0	0	0	0	100	0	0	02/08/2011 17:57	1	0	0	0	0	0	0	TENF 	0	0	1	0	0	0	0	NULL	NULL	NULL	NULL	0			0	0	0				0	0	0	0	0	0	0	0	NULL	NULL	NULL	NULL	NULL	NULL	NULL	NULL	NULL
1380	4	0	PERC. ORDIINARIA SUELDOS EMPLS	10	A	1	SUE_F_DIA					N	0	1	0	1	1	1	0	0	1	0	0	0	t4.P_DIA					1	0	0	0	0		0	0	"AND ISNULL(T4.TIPO_FALTA,'') NOT IN ('V', 'I', 'S', 'M', 'R','E')  AND T4.FECHA_PAGO IS NOT NULL AND T4.APLICA_SUELDO= 1"	0	NULL	0	0	0	0	0	0	0	1	10	0	18/04/2013 16:52	1	1	0	0	1	0	0	PORDE	0	0	1	0	0	0	0	NULL	NULL	NULL	NULL	0			0	1	1380		SUE_F_DIA		0	1380	0	0	0	0	0	0	NULL	NULL	NULL	NULL	NULL	NULL	NULL	NULL	NULL
1381	4	0	PERC. ORDINARIA EMPLEADOS     	10	B	1	SUE_F_DIA					T	0	0	0	1	1	1	0	0	0	0	0	0	t4.P_DIA					1381	0	0	0	0		0	0	"AND ISNULL(T4.TIPO_FALTA,'') NOT IN ('V', 'I', 'S', 'M', 'R','E')  AND T4.FECHA_PAGO IS NOT NULL AND T4.APLICA_SUELDO= 1"	0	NULL	0	0	0	0	0	0	0	100	10	0	08/02/2012 12:02	1	1	0	0	1	0	0	     	0	0	1	0	0	0	0	NULL	NULL	NULL	NULL	0			0	0	0				0	0	0	0	0	0	0	NULL	NULL	NULL	NULL	NULL	NULL	NULL	NULL	NULL	NULL
1420	4	0	VACACIONES EMPLS              	10	A	8	SUE_DIA					I	0	1	0	0	3	0	0	0	1	1	0	0	t2.SUE_DIA					1	0	0	0	0		0	0		0	NULL	0	0	0	0	0	0	0	8	0	0	22/02/2012 05:52	1	1	0	0	0	0	0	VACE 	0	0	1	0	0	0	0	NULL	NULL	NULL	NULL	0			0	0	0				0	0	0	0	0	0	0	0	NULL	NULL	NULL	NULL	NULL	NULL	NULL	NULL	NULL
1430	4	0	AGUINALDO EMPLS               	10	B	3	SUE_DIA	#EXENAGUI	30  * SAL_MIN			T	0	1	0	0	3	0	1	0	1	0	0	0	t2.SUE_DIA	"dbo.spf_ExenAguinaldo(t2.CLA_EMPRESA, t2.CLA_TRAB, t2.NUM_NOMINA, t2.FOLIO_NOM, t1.CLA_PERDED, t1.FOL_AUTO, t2.CLA_PERIODO, t1.FECHA_APLICA, 30)"	30*t2.SAL_MIN_ZONA			1	0	0	0	0		0	0		0	NULL	0	0	0	0	0	0	0	10	0	0	16/12/2013 16:19	1	1	0	0	0	0	0	AGUIE	0	0	1	0	0	0	0	NULL	NULL	NULL	NULL	0			0	0	0				0	0	0	0	0	0	0	0	NULL	NULL	NULL	NULL	NULL	NULL	NULL	NULL	NULL
1440	4	0	GRATIFICACION FIN DE ZAFRA EMP	10	A	3	SUE_DIA					I	0	1	0	0	3	0	0	0	1	1	0	0	t2.SUE_DIA					1	0	0	0	0		0	0	 	0	NULL	0	0	0	0	0	0	0	100	0	0	26/01/2012 13:02	1	1	0	0	0	0	0	GRTEM	0	0	1	0	2	0	0	NULL	NULL	NULL	NULL	0			0	0	0				0	0	0	0	0	0	0	0	NULL	NULL	NULL	NULL	NULL	NULL	NULL	NULL	NULL
1450	4	0	RENTA DE CASA                 	10	A	0	$AYUDARENT					P	0	1	0	0	1	1	0	0	0	0	0	0	$AYUDARENT					1	0	0	0	0		0	0		0	NULL	0	0	0	0	0	0	0	100	0	0	02/10/2012 13:00	1	0	0	0	0	0	0	RENTA	0	0	1	0	0	0	0	NULL	NULL	NULL	NULL	0			0	0	0				0	0	0	0	0	0	0	0	NULL	NULL	NULL	NULL	NULL	NULL	NULL	NULL	NULL
1460	4	0	PENSION JUBILATORIA           	10	A	0	1	NULL	NULL	NULL	NULL	I	0	0	0	0	1	1	0	0	0	0	0	0	NULL	NULL	NULL	NULL	NULL	1	0	0	0	0		0	0		0	NULL	0	0	0	0	0	0	0	13	0	0	29/07/2011 19:34	1	0	0	0	0	0	0	PJUBE	0	0	1	0	0	0	0	NULL	NULL	NULL	NULL	0	NULL	NULL	0	0	0	NULL	NULL	NULL	0	0	0	0	0	0	0	0	NULL	NULL	NULL	NULL	NULL	NULL	NULL	NULL	NULL
1470	4	0	DIAS TRABAJADOS DE ZAFRA      	10	A	0	1					I	0	0	0	0	1	1	0	0	0	1	0	0	1					5	0	0	0	0		0	0		0	NULL	0	0	0	0	0	0	0	100	0	0	29/07/2011 12:17	1	0	0	0	0	0	0	DORZA	0	0	1	0	0	0	0	NULL	NULL	NULL	NULL	0			0	0	0				0	0	0	0	0	0	0	0	NULL	NULL	NULL	NULL	NULL	NULL	NULL	NULL	NULL
1480	4	0	DIAS DE ENFERMEDAD DE ZAFRA   	10	A	0	1	NULL	NULL	NULL	NULL	I	0	0	NULL	0	1	1	1	0	0	1	1	NULL	NULL	NULL	NULL	NULL	NULL	1	0	0	NULL	NULL	NULL	NULL	NULL		NULL	NULL	NULL	NULL	NULL	1	1	NULL	NULL	NULL	NULL	NULL	NULL	1	0	NULL	NULL	NULL	NULL	NULL	DENZA	NULL	NULL	1	0	NULL	0	0	NULL	NULL	NULL	NULL	0	NULL	NULL	0	0	0	NULL	NULL	NULL	0	0	0	0	0	0	0	0	NULL	NULL	NULL	NULL	NULL	NULL	NULL	NULL	NULL
1490	4	0	DIAS DE ACCIDENTE DE ZAFRA    	10	A	0	1	NULL	NULL	NULL	NULL	I	0	0	NULL	0	1	1	1	0	0	1	1	NULL	NULL	NULL	NULL	NULL	NULL	1	0	0	NULL	NULL	NULL	NULL	NULL		NULL	NULL	NULL	NULL	NULL	1	1	NULL	NULL	NULL	NULL	NULL	NULL	1	0	NULL	NULL	NULL	NULL	NULL	DACZA	NULL	NULL	1	0	NULL	0	0	NULL	NULL	NULL	NULL	0	NULL	NULL	0	0	0	NULL	NULL	NULL	0	0	0	0	0	0	0	0	NULL	NULL	NULL	NULL	NULL	NULL	NULL	NULL	NULL
1500	4	0	SALARIO ACUM. ORD. S/7MO.  ZF 	10	A	0	1	NULL	NULL	NULL	NULL	I	0	NULL	NULL	0	1	1	1	0	0	1	1	NULL	NULL	NULL	NULL	NULL	NULL	1	0	0	NULL	NULL	NULL	NULL	NULL		NULL	NULL	NULL	NULL	NULL	1	1	NULL	NULL	NULL	NULL	NULL	NULL	1	0	NULL	NULL	NULL	NULL	NULL	ORDZA	NULL	NULL	1	0	NULL	0	0	NULL	NULL	NULL	NULL	0	NULL	NULL	0	0	0	NULL	NULL	NULL	0	0	0	0	0	0	0	0	NULL	NULL	NULL	NULL	NULL	NULL	NULL	NULL	NULL
1510	4	0	SALARIO ACUM. DE ENF. DE ZAFRA	10	A	0	1	NULL	NULL	NULL	NULL	I	0	NULL	NULL	0	1	1	1	0	0	1	1	NULL	NULL	NULL	NULL	NULL	NULL	1	0	0	NULL	NULL	NULL	NULL	NULL		NULL	NULL	NULL	NULL	NULL	1	1	NULL	NULL	NULL	NULL	NULL	NULL	1	0	NULL	NULL	NULL	NULL	NULL	ENFZA	NULL	NULL	1	0	NULL	0	0	NULL	NULL	NULL	NULL	0	NULL	NULL	0	0	0	NULL	NULL	NULL	0	0	0	0	0	0	0	0	NULL	NULL	NULL	NULL	NULL	NULL	NULL	NULL	NULL
1520	4	0	SALARIO ACUM. DE ACCIDENTE  ZF	10	A	0	1	NULL	NULL	NULL	NULL	I	0	NULL	NULL	0	1	1	1	0	0	1	1	NULL	NULL	NULL	NULL	NULL	NULL	1	0	0	NULL	NULL	NULL	NULL	NULL		NULL	NULL	NULL	NULL	NULL	1	1	NULL	NULL	NULL	NULL	NULL	NULL	1	0	NULL	NULL	NULL	NULL	NULL	ACCZA	NULL	NULL	1	0	NULL	0	0	NULL	NULL	NULL	NULL	0	NULL	NULL	0	0	0	NULL	NULL	NULL	0	0	0	0	0	0	0	0	NULL	NULL	NULL	NULL	NULL	NULL	NULL	NULL	NULL
1530	4	0	ROTACION Y/O ALIMENT ACUM ZF  	10	A	0	1	NULL	NULL	NULL	NULL	I	0	NULL	NULL	0	1	1	1	0	0	1	1	NULL	NULL	NULL	NULL	NULL	NULL	1	0	0	NULL	NULL	NULL	NULL	NULL		NULL	NULL	NULL	NULL	NULL	1	1	NULL	NULL	NULL	NULL	NULL	NULL	1	0	NULL	NULL	NULL	NULL	NULL	ROTZA	NULL	NULL	1	0	NULL	0	0	NULL	NULL	NULL	NULL	0	NULL	NULL	0	0	0	NULL	NULL	NULL	0	0	0	0	0	0	0	0	NULL	NULL	NULL	NULL	NULL	NULL	NULL	NULL	NULL
1540	4	0	DIAS TRABAJADOS DE REPN.      	10	A	0	1					I	0	0	0	0	1	1	0	0	0	0	0	0	1					5	0	0	0	0		0	0		0	NULL	0	0	0	0	0	0	0	100	0	0	NULL	1	0	0	0	0	0	0	DORDR	0	0	1	0	0	0	0	NULL	NULL	NULL	NULL	0			0	0	0				0	0	0	0	0	0	0	0	NULL	NULL	NULL	NULL	NULL	NULL	NULL	NULL	NULL
1550	4	0	DIAS DE ENFERMEDAD DE REPN.   	10	A	0	1	NULL	NULL	NULL	NULL	I	0	0	NULL	0	1	1	1	0	0	1	1	NULL	NULL	NULL	NULL	NULL	NULL	1	0	0	NULL	NULL	NULL	NULL	NULL		NULL	NULL	NULL	NULL	NULL	1	1	NULL	NULL	NULL	NULL	NULL	NULL	1	0	NULL	NULL	NULL	NULL	NULL	DENRE	NULL	NULL	1	0	NULL	0	0	NULL	NULL	NULL	NULL	0	NULL	NULL	0	0	0	NULL	NULL	NULL	0	0	0	0	0	0	0	0	NULL	NULL	NULL	NULL	NULL	NULL	NULL	NULL	NULL
1560	4	0	DIAS DE ACCIDENTE DE REPN.    	10	A	0	1	NULL	NULL	NULL	NULL	I	0	0	NULL	0	1	1	1	0	0	1	1	NULL	NULL	NULL	NULL	NULL	NULL	1	0	0	NULL	NULL	NULL	NULL	NULL		NULL	NULL	NULL	NULL	NULL	1	1	NULL	NULL	NULL	NULL	NULL	NULL	1	0	NULL	NULL	NULL	NULL	NULL	DACRE	NULL	NULL	1	0	NULL	0	0	NULL	NULL	NULL	NULL	0	NULL	NULL	0	0	0	NULL	NULL	NULL	0	0	0	0	0	0	0	0	NULL	NULL	NULL	NULL	NULL	NULL	NULL	NULL	NULL
1570	4	0	SAL ACUM. ORD S/7MO. DE REP   	10	A	0	1	NULL	NULL	NULL	NULL	I	0	NULL	NULL	0	1	1	1	0	0	1	1	NULL	NULL	NULL	NULL	NULL	NULL	1	0	0	NULL	NULL	NULL	NULL	NULL		NULL	NULL	NULL	NULL	NULL	1	1	NULL	NULL	NULL	NULL	NULL	NULL	1	0	NULL	NULL	NULL	NULL	NULL	ORDRE	NULL	NULL	1	0	NULL	0	0	NULL	NULL	NULL	NULL	0	NULL	NULL	0	0	0	NULL	NULL	NULL	0	0	0	0	0	0	0	0	NULL	NULL	NULL	NULL	NULL	NULL	NULL	NULL	NULL
1580	4	0	SALARIO ACUM. DE ENF. DE REP..	10	A	0	1	NULL	NULL	NULL	NULL	I	0	NULL	NULL	0	1	1	1	0	0	1	1	NULL	NULL	NULL	NULL	NULL	NULL	1	0	0	NULL	NULL	NULL	NULL	NULL		NULL	NULL	NULL	NULL	NULL	1	1	NULL	NULL	NULL	NULL	NULL	NULL	1	0	NULL	NULL	NULL	NULL	NULL	ENFRE	NULL	NULL	1	0	NULL	0	0	NULL	NULL	NULL	NULL	0	NULL	NULL	0	0	0	NULL	NULL	NULL	0	0	0	0	0	0	0	0	NULL	NULL	NULL	NULL	NULL	NULL	NULL	NULL	NULL
1590	4	0	SAL ACUM DE ACCIDENTE DE REP  	10	A	0	1	NULL	NULL	NULL	NULL	I	0	NULL	NULL	0	1	1	1	0	0	1	1	NULL	NULL	NULL	NULL	NULL	NULL	1	0	0	NULL	NULL	NULL	NULL	NULL		NULL	NULL	NULL	NULL	NULL	1	1	NULL	NULL	NULL	NULL	NULL	NULL	1	0	NULL	NULL	NULL	NULL	NULL	ACCRE	NULL	NULL	1	0	NULL	0	0	NULL	NULL	NULL	NULL	0	NULL	NULL	0	0	0	NULL	NULL	NULL	0	0	0	0	0	0	0	0	NULL	NULL	NULL	NULL	NULL	NULL	NULL	NULL	NULL
1600	4	0	ROTACION Y/O ALIM ACUM.  REP  	10	A	0	1	NULL	NULL	NULL	NULL	I	0	NULL	NULL	0	1	1	1	0	0	1	1	NULL	NULL	NULL	NULL	NULL	NULL	1	0	0	NULL	NULL	NULL	NULL	NULL		NULL	NULL	NULL	NULL	NULL	1	1	NULL	NULL	NULL	NULL	NULL	NULL	1	0	NULL	NULL	NULL	NULL	NULL	ROTRE	NULL	NULL	1	0	NULL	0	0	NULL	NULL	NULL	NULL	0	NULL	NULL	0	0	0	NULL	NULL	NULL	0	0	0	0	0	0	0	0	NULL	NULL	NULL	NULL	NULL	NULL	NULL	NULL	NULL
1610	4	0	PENSION JUBILATORIA A OBREROS 	10	B	0	1000					T	0	0	0	0	1	1	0	0	0	1	0	0	1000					1	0	0	0	0		0	0		0	NULL	0	0	0	0	0	0	0	13	0	0	28/07/2011 21:24	1	0	0	0	0	0	0	PJUBO	0	0	1	0	0	0	0	NULL	NULL	NULL	NULL	0			0	0	0				0	0	0	0	0	0	0	0	NULL	NULL	NULL	NULL	NULL	NULL	NULL	NULL	NULL
1700	4	0	PTU DIAS                      	10	A	18	1	(15* SAL_MIN) / 2				I	0	0	0	0	3	0	0	1	0	1	0	0	1	(15*t2.SAL_MIN_ZONA)/2				3080	0	0	1	0		0	0		0	NULL	0	0	0	0	0	0	0	100	0	0	19/12/2011 17:38	1	1	0	0	0	0	0	PTUDI	0	0	1	0	0	0	0	NULL	NULL	NULL	NULL	0			0	0	0				0	0	0	0	0	0	0	NULL	NULL	NULL	NULL	NULL	NULL	NULL	NULL	NULL	NULL
1710	4	0	PTU PERCEPCION                	10	A	18	1	(15* SAL_MIN) / 2				I	0	0	0	0	3	0	0	1	0	1	0	0	1	(15*t2.SAL_MIN_ZONA)/2				3081	0	0	1	0		0	0		0	NULL	0	0	0	0	0	0	0	100	0	0	19/12/2011 17:38	1	1	0	0	0	0	0	PTUSU	0	0	1	0	0	0	0	NULL	NULL	NULL	NULL	0			0	0	0				0	0	0	0	0	0	0	NULL	NULL	NULL	NULL	NULL	NULL	NULL	NULL	NULL	NULL
1720	4	0	SABADO TRABAJADO EMP          	10	A	1	SUE_DIA	#EXENDESC				I	0	0	0	1	1	1	0	0	0	1	0	0	t2.SUE_DIA	"dbo.spf_ExenDesc(t2.CLA_EMPRESA, t2.CLA_TRAB, t2.NUM_NOMINA, t2.FOLIO_NOM, t1.CLA_PERDED, t1.FOL_AUTO, t2.CLA_PERIODO, t1.FECHA_APLICA, 5)"				2	0	0	0	0		0	0	"AND T2.SIND = 0 AND T2.CLA_CLASIFICACION IN (7,17,8,18)"	0	NULL	0	0	0	0	0	0	0	100	0	0	22/02/2012 05:52	1	1	0	0	0	0	0	STEMP	0	0	1	0	0	0	0	NULL	NULL	NULL	NULL	0			0	0	0				0	0	0	0	0	0	0	NULL	NULL	NULL	NULL	NULL	NULL	NULL	NULL	NULL	NULL
1721	4	0	PRIMA SABATINA EMPLS          	10	A	19	($PRIMASAB / 100) *  @C1720	#EXENDESC				T	0	1	0	1	1	1	0	0	0	0	0	0	($PRIMASAB/100)*@C1720	"dbo.spf_ExenDesc(t2.CLA_EMPRESA, t2.CLA_TRAB, t2.NUM_NOMINA, t2.FOLIO_NOM, t1.CLA_PERDED, t1.FOL_AUTO, t2.CLA_PERIODO, t1.FECHA_APLICA, 5)"				3	0	0	0	1	%	0	0		0	NULL	0	0	0	0	0	0	0	100	0	0	22/02/2012 05:52	1	1	0	0	0	0	0	PSABE	0	0	1	0	0	0	0	NULL	NULL	NULL	NULL	0			0	0	0				0	0	0	0	0	0	0	0	NULL	NULL	NULL	NULL	NULL	NULL	NULL	NULL	NULL
1730	4	0	DOMINGO TRABAJADO EMP         	10	A	19	SUE_DIA * 2	#EXENDESC				T	0	0	0	1	1	1	0	0	0	1	0	0	t2.SUE_DIA*2	"dbo.spf_ExenDesc(t2.CLA_EMPRESA, t2.CLA_TRAB, t2.NUM_NOMINA, t2.FOLIO_NOM, t1.CLA_PERDED, t1.FOL_AUTO, t2.CLA_PERIODO, t1.FECHA_APLICA, 5)"				2	0	0	0	0		0	0	"AND T2.SIND = 0 AND DATEPART(DW,T1.FECHA_APLICA)=7 AND T2.CLA_CLASIFICACION IN (7,17,8,18)"	0	NULL	0	0	0	0	0	0	0	6	0	0	18/04/2013 16:57	1	1	0	0	0	0	0	DTEMP	0	0	1	0	0	0	0	NULL	NULL	NULL	NULL	0			0	0	0				0	0	0	0	0	0	0	NULL	NULL	NULL	NULL	NULL	NULL	NULL	NULL	NULL	NULL
1731	4	0	PRIMA DOMINICAL EMP           	10	A	1	@C1730 * 0.125	SAL_MIN *  MONTO_MOV	SAL_MIN *  MONTO_MOV			T	0	0	0	1	1	1	0	0	0	1	0	0	@C1730*0.125	t2.SAL_MIN_ZONA*t1.MONTO	t2.SAL_MIN_ZONA*t1.MONTO			3	0	0	0	0		0	0		0	NULL	0	0	0	0	0	0	0	7	0	0	17/04/2013 18:37	1	1	0	0	0	0	0	PRIEM	0	0	1	0	0	0	0	NULL	NULL	NULL	NULL	0			0	0	0				0	0	0	0	0	0	0	NULL	NULL	NULL	NULL	NULL	NULL	NULL	NULL	NULL	NULL
2010	4	0	ISR REGLAMENTO 142            	50	B	21	ISPT86		NULL		NULL	T	0	0	0	0	1	1	1	1	1	1	1	0	t2.ISPT86					10	0	0	0	0		0	0		0	NULL	0	0	0	0	0	0	0	100	0	0	29/07/2011 19:55	1	0	0	0	0	0	0	ISRES	0	0	1	0	0	0	0	NULL	NULL	NULL	NULL	0			0	0	0				0	0	0	0	0	0	0	0	NULL	NULL	NULL	NULL	NULL	NULL	NULL	NULL	NULL
2020	4	0	SUBSIDIO AL EMPLEO            	50	B	22	CAS * (-1)		NULL		NULL	T	0	0	0	0	1	1	1	1	1	0	1	0	t2.CREDSAL_TRA*(-1)					200	0	0	0	0		1	0		0	NULL	0	0	0	0	0	0	0	100	0	0	02/08/2011 19:45	1	0	0	0	0	0	0	SUBEM	0	0	1	0	0	0	0	NULL	NULL	NULL	NULL	0			0	0	0				0	0	0	0	0	0	0	0	NULL	NULL	NULL	NULL	NULL	NULL	NULL	NULL	NULL
2025	4	0	AHORRO TRABAJADOR             	10	A	0	( ( ((@C0001+@C0002 + @C0018) - ((@C0003 + @C0004)  / DIALABPER)) * $PORCFONDO /100) ) /2			SAL_MIN * 1.3 * 7		T	0	0	0	0	1	1	0	0	0	0	0	0	((((@C0001+@C0002+@C0018)-((@C0003+@C0004)/t2.DIAS_LAB_PER))*$PORCFONDO/100))/2			t2.SAL_MIN_ZONA*1.3*7		13	0	0	0	0		0	0	AND T3.APLICA_FA = 1 AND T2.DIAS_LAB_PER > 0	0	NULL	0	0	0	1	1	0	0	0	0	0	13/12/2012 19:02	1	0	0	0	0	0	0	F TRA	0	0	1	0	0	0	0	NULL	NULL	NULL	NULL	0			0	0	0				0	0	0	0	0	0	0	0	NULL	NULL	0	NULL	NULL	NULL	NULL	NULL	NULL
2026	4	0	AHORRO                        	10	A	0	( ( ((@C0001+@C0002 + @C0018) - ((@C0003 + @C0004)  / DIALABPER)) * $PORCFONDO /100) ) /2			SAL_MIN * 1.3 * 7		T	0	0	0	0	1	1	0	0	0	0	0	0	((((@C0001+@C0002+@C0018)-((@C0003+@C0004)/t2.DIAS_LAB_PER))*$PORCFONDO/100))/2			t2.SAL_MIN_ZONA*1.3*7		13	0	0	0	0		0	0	AND T2.DIAS_LAB_PER > 0	0	NULL	0	0	0	1	1	0	0	0	0	0	12/02/2013 18:45	1	0	0	0	0	0	0	AHOOR	0	0	1	0	0	0	0	NULL	NULL	NULL	NULL	0			0	0	0				0	0	0	0	0	0	0	0	NULL	NULL	0	NULL	NULL	NULL	NULL	NULL	NULL
2027	4	0	AHORO VAL                     	10	A	0	1					I	0	0	0	0	1	1	0	0	0	0	0	0	1					13	0	0	1	0		0	0		0	NULL	0	0	0	1	1	0	0	0	0	0	23/01/2013 19:49	1	0	0	0	0	0	0	AHORR	0	0	1	0	0	0	0	NULL	NULL	NULL	NULL	0			0	0	0				0	0	0	0	0	0	0	NULL	NULL	NULL	NULL	NULL	NULL	NULL	NULL	NULL	NULL
2028	4	0	AH TRA VAL                    	10	A	0	1					I	0	0	0	0	1	1	0	0	0	0	0	0	1					13	0	0	1	0		0	0		0	NULL	0	0	0	1	1	0	0	0	0	0	19/02/2013 09:19	1	0	0	0	0	0	0	AHO T	0	0	1	0	0	0	0	NULL	NULL	NULL	NULL	0			0	0	0				0	0	0	0	0	0	0	NULL	NULL	NULL	NULL	NULL	NULL	NULL	NULL	NULL	NULL
2040	4	0	FALTA INJUSTIFICADA           	10	A	0	0					I	0	0	0	0	1	1	0	0	0	0	0	0	0					2	0	0	0	0		0	1		0	NULL	0	0	0	0	0	0	0	0	0	0	29/10/2012 18:16	1	0	0	0	0	0	0	Falta	0	0	1	0	0	0	0	NULL	NULL	NULL	NULL	0			0	0	0				0	0	0	0	0	0	0	NULL	NULL	NULL	NULL	NULL	NULL	NULL	NULL	NULL	NULL
2041	4	0	ROTACION DE TURNOS EMP        	10	A	2	(SUE_DIA/8) * 2					T	0	0	0	0	1	1	0	0	0	0	0	0	(t2.SUE_DIA/8)*2					2	0	0	0	0		0	0	"AND T4.CLA_TURNO IN (2,3) AND T2.SIND = 0 AND T2.CLA_CLASIFICACION IN (7,17,8,18) AND ISNULL(T4.TIPO_FALTA,'') NOT IN ('V','Z','E','I','R','M')"	0	NULL	0	0	0	1	1	0	20	100	11	0	21/01/2012 12:35	1	0	0	0	1	0	0	     	0	0	1	0	0	0	0	NULL	NULL	NULL	NULL	0	#SUELDOEMP	"dbo.INGTAMA_SueldoTrab_EMP(T1.CLA_EMPRESA,T1.CLA_TRAB,T1.FOLIO_NOM,T1.FOL_AUTO,T1.FECHA_APLICA)"	0	0	0				0	0	0	0	0	0	0	NULL	NULL	NULL	NULL	NULL	NULL	NULL	3	NULL	NULL
2060	4	0	PAGO GRAVABLE DE MAS          	50	A	20	1	NULL	NULL	NULL	NULL	I	0	0	NULL	0	1	1	0	0	0	0	0	NULL	NULL	NULL	NULL	NULL	NULL	2000	0	0	1	NULL	NULL	NULL	NULL		NULL	NULL	NULL	NULL	NULL	0	0	NULL	NULL	NULL	NULL	NULL	28/07/2011 21:17	1	0	NULL	NULL	NULL	NULL	NULL	PGRM 	NULL	NULL	1	0	NULL	0	0	NULL	NULL	NULL	NULL	0	#DESCEMP	"dbo.ALS_IMPDED(T1.CLA_EMPRESA,T1.CLA_TRAB,T1.CLA_PERDED,T1.FOL_MOV_NOMINA,T1.FOL_AUTO_PRE,T2.ANIO_MES_ISPT,T1.FOLIO_NOM)"	0	0	0	NULL	NULL	NULL	0	0	0	0	0	0	0	0	NULL	NULL	NULL	NULL	NULL	NULL	NULL	NULL	NULL
2070	4	0	PAGO N/GRA.DE MAS             	50	A	20	1	NULL	NULL	NULL	NULL	I	0	0	NULL	0	1	1	0	0	0	0	0	NULL	NULL	NULL	NULL	NULL	NULL	2000	0	0	1	NULL	NULL	NULL	NULL		NULL	NULL	NULL	NULL	NULL	0	0	NULL	NULL	NULL	NULL	NULL	NULL	1	0	NULL	NULL	NULL	NULL	NULL	PNGRM	NULL	NULL	1	0	NULL	0	0	NULL	NULL	NULL	NULL	0	#DESCEMP	"dbo.ALS_IMPDED(T1.CLA_EMPRESA,T1.CLA_TRAB,T1.CLA_PERDED,T1.FOL_MOV_NOMINA,T1.FOL_AUTO_PRE,T2.ANIO_MES_ISPT,T1.FOLIO_NOM)"	0	0	0	NULL	NULL	NULL	0	0	0	0	0	0	0	0	NULL	NULL	NULL	NULL	NULL	NULL	NULL	NULL	NULL
2080	4	0	SALIDAS EN TURNO              	50	A	20	1	NULL	NULL	NULL	NULL	I	0	0	0	0	1	1	0	0	0	0	0	0	NULL	NULL	NULL	NULL	NULL	160	0	0	1	0		0	0		0	NULL	0	0	0	0	0	0	0	100	0	0	NULL	1	0	0	0	0	0	0	SALTN	0	0	1	0	0	0	0	NULL	NULL	NULL	NULL	0	#DESCEMP	"dbo.ALS_IMPDED(T1.CLA_EMPRESA,T1.CLA_TRAB,T1.CLA_PERDED,T1.FOL_MOV_NOMINA,T1.FOL_AUTO_PRE,T2.ANIO_MES_ISPT,T1.FOLIO_NOM)"	0	0	0	NULL	NULL	NULL	0	0	0	0	0	0	0	0	NULL	NULL	NULL	NULL	NULL	NULL	NULL	NULL	NULL
2091	4	0	PENSION ALIMENTICIA MONTO     	50	A	23	1		NULL		NULL	I	0	0	0	0	1	1	0	0	0	0	0	0	1					60	0	0	1	0		0	0		0	NULL	0	0	0	0	0	0	0	100	0	0	29/07/2011 19:20	1	0	0	0	0	0	0	PALIM	0	0	1	0	0	0	0	NULL	NULL	NULL	NULL	0	#DESCEMP	"dbo.ALS_IMPDED(T1.CLA_EMPRESA,T1.CLA_TRAB,T1.CLA_PERDED,T1.FOL_MOV_NOMINA,T1.FOL_AUTO_PRE,T2.ANIO_MES_ISPT,T1.FOLIO_NOM)"	0	0	0				0	0	0	0	0	0	0	NULL	NULL	NULL	NULL	NULL	NULL	NULL	NULL	NULL	NULL
2100	4	0	CREDITO AVAL CAJA             	50	A	20	1		NULL		NULL	I	0	0	0	0	1	1	0	0	1	0	0	0	1					100	0	0	1	0		0	0		0	NULL	0	0	0	0	0	0	0	100	0	0	28/07/2011 20:41	1	0	0	0	0	1	0	CRAVC	0	0	1	0	0	0	0	NULL	NULL	NULL	NULL	1	#DESCEMP	"dbo.ALS_IMPDED(T1.CLA_EMPRESA,T1.CLA_TRAB,T1.CLA_PERDED,T1.FOL_MOV_NOMINA,T1.FOL_AUTO_PRE,T2.ANIO_MES_ISPT,T1.FOLIO_NOM)"	0	0	0				0	0	0	0	0	0	0	0	NULL	NULL	NULL	NULL	NULL	NULL	NULL	NULL	NULL
2110	4	0	PRESTAMO SINDICATO            	50	A	20	1		NULL		NULL	I	0	0	0	0	1	1	1	1	1	1	0	0	1					70	0	0	1	0		0	0		0	NULL	0	0	0	0	0	0	0	100	0	0	28/07/2011 20:35	1	0	0	0	0	1	0	ABCIA	0	0	1	0	0	0	0	NULL	NULL	NULL	NULL	1	#DESCEMP	"dbo.ALS_IMPDED(T1.CLA_EMPRESA,T1.CLA_TRAB,T1.CLA_PERDED,T1.FOL_MOV_NOMINA,T1.FOL_AUTO_PRE,T2.ANIO_MES_ISPT,T1.FOLIO_NOM)"	0	0	0				0	0	0	0	0	0	0	0	NULL	4	NULL	NULL	NULL	NULL	NULL	NULL	NULL
2120	4	0	SEGURO DE VIDA                	50	A	20	1		NULL		NULL	I	0	0	0	0	1	1	0	0	1	0	0	0	1					2000	0	0	1	0		0	0		0	NULL	0	0	0	0	0	0	0	100	0	0	28/07/2011 20:31	1	0	0	0	0	1	0	SGVID	0	0	1	0	0	0	0	NULL	NULL	NULL	NULL	1	#DESCEMP	"dbo.ALS_IMPDED(T1.CLA_EMPRESA,T1.CLA_TRAB,T1.CLA_PERDED,T1.FOL_MOV_NOMINA,T1.FOL_AUTO_PRE,T2.ANIO_MES_ISPT,T1.FOLIO_NOM)"	0	0	0				0	0	0	0	0	0	0	0	NULL	NULL	NULL	NULL	NULL	NULL	NULL	NULL	NULL
2130	4	0	DESC. CAJA AHORRO             	50	A	20	1		NULL		NULL	I	0	0	0	0	1	1	1	0	0	1	0	0	1					80	0	0	1	0		0	0		0	NULL	0	0	0	0	0	0	0	100	0	0	28/07/2011 20:29	1	0	0	0	0	1	0	CJAHO	0	0	1	0	0	0	0	NULL	NULL	NULL	NULL	1	#DESCEMP	"dbo.ALS_IMPDED(T1.CLA_EMPRESA,T1.CLA_TRAB,T1.CLA_PERDED,T1.FOL_MOV_NOMINA,T1.FOL_AUTO_PRE,T2.ANIO_MES_ISPT,T1.FOLIO_NOM)"	0	0	0				0	0	0	0	0	0	0	0	NULL	NULL	NULL	NULL	NULL	NULL	NULL	NULL	NULL
2135	4	0	APORTACION CAJA DE AHORRO     	50	A	26	1		NULL		NULL	I	0	0	0	0	1	1	1	0	0	1	0	0	1					90	0	0	0	0		0	0		0	NULL	0	0	0	0	0	0	0	100	0	0	28/07/2011 20:28	1	0	0	0	0	0	0	APOCH	0	0	1	0	0	0	0	NULL	NULL	NULL	NULL	0	#DESCEMP	"dbo.ALS_IMPDED(T1.CLA_EMPRESA,T1.CLA_TRAB,T1.CLA_PERDED,T1.FOL_MOV_NOMINA,T1.FOL_AUTO_PRE,T2.ANIO_MES_ISPT,T1.FOLIO_NOM)"	0	0	0				0	0	0	0	0	0	0	0	NULL	NULL	NULL	NULL	NULL	NULL	NULL	NULL	NULL
2146	4	0	DESC INFONAVIT %              	50	A	20	((TASA_INFO/100) * SUE_INT )*   DIACOTIMSS		NULL		NULL	T	0	0	0	0	0	1	0	0	0	0	1	0	((t2.VALOR_TASA_INFO/100)*t2.SUE_INT)*t2.DIAS_COTIZA_IMSS					141	0	0	0	0		0	0	"AND TOT_PER > 0 AND T3.VALOR_CREDITO_INFO IN (1,2) AND ISNULL (T3.CON_CREDITO_INFO,0) = 1"	0	NULL	0	0	0	1	1	0	0	0	0	0	05/08/2015 16:29	1	0	0	0	0	0	0	DESC 	0	0	1	0	0	0	0	NULL	NULL	NULL	NULL	0			0	0	0				0	0	0	0	0	0	0	0	NULL	NULL	0	NULL	NULL	NULL	NULL	NULL	NULL
2147	4	0	INFONAVIT VSM                 	50	A	20	(((TASA_INFO * SAL_MIN_DF)*2)/8)/7* DIACOTIMSS		NULL		NULL	T	0	0	0	0	0	1	0	0	0	0	1	0	(((t2.VALOR_TASA_INFO*t2.SAL_MIN_DF)*2)/8)/7*t2.DIAS_COTIZA_IMSS					140	0	0	0	0		0	0	"AND TOT_PER > 0 AND T3.VALOR_CREDITO_INFO = 5 AND ISNULL (T3.CON_CREDITO_INFO,0) = 1"	0	NULL	0	0	0	1	1	0	0	0	0	0	10/08/2015 12:59	1	0	0	0	0	0	0	INF V	0	0	1	0	0	0	0	NULL	NULL	NULL	NULL	0			0	0	0				0	0	0	0	0	0	0	0	NULL	NULL	0	NULL	NULL	NULL	NULL	NULL	NULL
2148	4	0	INFONAVIT AJUSTE              	50	A	20	1		NULL		NULL	I	0	0	0	0	0	1	0	0	1	0	1	0	1					30	0	0	0	0		1	1		0	NULL	0	0	0	1	1	0	0	100	0	0	17/07/2014 09:48	1	0	0	0	0	0	0	INF% 	0	0	1	0	0	0	0	NULL	NULL	NULL	NULL	0			0	0	0				0	0	0	0	0	0	0	NULL	NULL	NULL	NULL	NULL	NULL	NULL	NULL	NULL	NULL
2149	4	0	INFONAVIT CUOTAFIJA           	50	A	20	TASA_INFO/7* DIASCOTIMS		NULL		NULL	T	0	0	0	0	0	1	0	0	1	1	1	0	t2.VALOR_TASA_INFO/7*t2.DIAS_COTIZA_IMSS					140	0	0	0	0		0	0	"AND TOT_PER > 0 AND T3.VALOR_CREDITO_INFO = 4 AND ISNULL (T3.CON_CREDITO_INFO,0) = 1"	0	NULL	0	0	0	1	1	0	0	100	0	0	17/07/2014 09:47	1	0	0	0	0	0	0	INFVS	0	0	1	0	0	0	0	NULL	NULL	NULL	NULL	0			0	0	0				0	0	0	0	0	0	0	0	NULL	NULL	0	NULL	NULL	NULL	NULL	NULL	NULL
2150	4	0	ISR AJUSTE ANUAL EJER. ANT.   	50	A	21	ISR_CARGO		NULL		NULL	T	0	0	0	0	1	1	0	0	1	0	0	0	t2.ISR_CARGO					9990	0	0	1	0		0	0		0	NULL	0	1	0	0	0	0	0	100	0	0	04/08/2011 09:04	1	0	0	0	0	0	0	ISRAN	0	0	1	0	0	0	0	NULL	NULL	NULL	NULL	1			0	0	0				0	0	0	0	0	0	0	0	NULL	NULL	NULL	NULL	NULL	NULL	NULL	NULL	NULL
2160	4	0	DES. SIND.EXTRA X DIA DE HABER	50	A	20	1	NULL	NULL	NULL	NULL	I	0	0	0	0	1	1	0	0	0	0	0	0	NULL	NULL	NULL	NULL	NULL	110	0	0	0	0		0	0		0	NULL	0	0	0	0	0	0	0	100	0	0	28/07/2011 19:58	1	0	0	0	0	0	0	DSEXT	0	0	1	0	0	0	0	NULL	NULL	NULL	NULL	0	#DESCEMP	"dbo.ALS_IMPDED(T1.CLA_EMPRESA,T1.CLA_TRAB,T1.CLA_PERDED,T1.FOL_MOV_NOMINA,T1.FOL_AUTO_PRE,T2.ANIO_MES_ISPT,T1.FOLIO_NOM)"	0	0	0	NULL	NULL	NULL	0	0	0	0	0	0	0	0	NULL	NULL	NULL	NULL	NULL	NULL	NULL	NULL	NULL
2162	4	0	DESC POR PAGO DE MAS          	50	A	20	1		NULL		NULL	I	0	0	0	0	0	1	0	0	0	0	0	0	1					30	0	0	0	0		0	0		0	NULL	0	0	0	0	0	0	0	0	0	0	27/07/2012 16:48	1	0	0	0	0	0	0	D P M	0	0	1	0	0	0	0	NULL	NULL	NULL	NULL	0			0	0	0				0	0	0	0	0	0	0	NULL	NULL	NULL	NULL	NULL	NULL	NULL	NULL	NULL	NULL
2163	4	0	PREST SIND                    	50	A	20	1		NULL		NULL	I	0	0	0	0	0	1	0	0	0	0	0	0	1					50	0	0	0	0		0	0		0	NULL	0	0	0	0	0	0	0	0	0	0	27/07/2012 16:51	1	0	0	0	0	0	0	P S  	0	0	1	0	0	0	0	NULL	NULL	NULL	NULL	0			0	0	0				0	0	0	0	0	0	0	NULL	NULL	NULL	NULL	NULL	NULL	NULL	NULL	NULL	NULL
2164	4	0	DESC CASAS COMERCIALES        	50	A	20	1		NULL		NULL	I	0	0	0	0	0	1	0	0	0	0	0	0	1					50	0	0	0	0		0	0		0	NULL	0	0	0	0	0	0	0	0	0	0	27/07/2012 16:55	1	0	0	0	0	0	0	D C C	0	0	1	0	0	0	0	NULL	NULL	NULL	NULL	0			0	0	0				0	0	0	0	0	0	0	NULL	NULL	NULL	NULL	NULL	NULL	NULL	NULL	NULL	NULL
2165	4	0	INT PRESTAMO                  	50	A	20	1		NULL		NULL	I	0	0	0	0	0	1	0	0	0	0	0	0	1					60	0	0	0	0		0	0		0	NULL	0	0	0	0	0	0	0	0	0	0	27/07/2012 17:37	1	0	0	0	0	0	0	I PRE	0	0	1	0	0	0	0	NULL	NULL	NULL	NULL	0			0	0	0				0	0	0	0	0	0	0	NULL	NULL	NULL	NULL	NULL	NULL	NULL	NULL	NULL	NULL
2170	4	0	DESC. SINDICAL (VARIOS)       	50	A	20	1		NULL		NULL	I	0	0	0	0	1	1	0	0	1	0	0	0	1					130	0	0	0	0		0	0		0	NULL	0	0	0	0	0	0	0	100	0	0	28/07/2011 19:55	1	0	0	0	0	1	0	DSVAR	0	0	1	0	0	0	0	NULL	NULL	NULL	NULL	1	#DESCEMP	"dbo.ALS_IMPDED(T1.CLA_EMPRESA,T1.CLA_TRAB,T1.CLA_PERDED,T1.FOL_MOV_NOMINA,T1.FOL_AUTO_PRE,T2.ANIO_MES_ISPT,T1.FOLIO_NOM)"	0	0	0				0	0	0	0	0	0	0	0	NULL	NULL	NULL	NULL	NULL	NULL	NULL	NULL	NULL
2185	4	0	BECA                          	10	A	0	1					I	0	0	0	0	1	1	0	0	0	0	0	0	1					3	0	0	1	0		0	0		0	NULL	0	0	0	0	0	0	0	0	0	0	27/07/2012 12:28	1	0	0	0	0	0	0	BECA 	0	0	1	0	0	0	0	NULL	NULL	NULL	NULL	0			0	0	0				0	0	0	0	0	0	0	NULL	NULL	NULL	NULL	NULL	NULL	NULL	NULL	NULL	NULL
2200	4	0	HERRAMIENTAS Y EQUIPO         	50	A	20	1		NULL		NULL	I	0	0	0	0	1	1	0	0	1	0	0	0	1					140	0	0	1	0		0	0		0	NULL	0	0	0	0	0	0	0	100	0	0	28/07/2011 19:54	1	0	0	0	0	1	0	DHERR	0	0	1	0	0	0	0	NULL	NULL	NULL	NULL	1	#DESCEMP	"dbo.ALS_IMPDED(T1.CLA_EMPRESA,T1.CLA_TRAB,T1.CLA_PERDED,T1.FOL_MOV_NOMINA,T1.FOL_AUTO_PRE,T2.ANIO_MES_ISPT,T1.FOLIO_NOM)"	0	0	0				0	0	0	0	0	0	0	0	NULL	NULL	NULL	NULL	NULL	NULL	NULL	NULL	NULL
2207	4	0	INC POR MATERNIDAD            	10	A	0	1					I	0	0	0	0	1	1	0	0	0	0	0	0	1					3	0	0	1	0		0	0		0	NULL	0	0	0	0	0	0	0	0	0	0	28/08/2012 11:02	1	0	0	0	0	0	0	INC M	0	0	1	0	0	0	0	NULL	NULL	NULL	NULL	0			0	0	0				0	0	0	0	0	0	0	NULL	NULL	NULL	NULL	NULL	NULL	NULL	NULL	NULL	NULL
2208	4	0	INC POR RIESGO DE TRABAJO     	10	A	0	1					I	0	0	0	0	1	1	0	0	0	0	0	0	1					3	0	0	1	0		0	0		0	NULL	0	0	0	0	0	0	0	0	0	0	28/08/2012 10:55	1	0	0	0	0	0	0	INC T	0	0	1	0	0	0	0	NULL	NULL	NULL	NULL	0			0	0	0				0	0	0	0	0	0	0	NULL	NULL	NULL	NULL	NULL	NULL	NULL	NULL	NULL	NULL
2210	4	0	AZUCAR                        	50	A	1	1		NULL		NULL	I	0	0	0	0	1	1	0	0	0	0	0	0	1					90	0	0	0	0		0	0		0	NULL	0	0	0	0	0	0	0	100	0	0	26/10/2011 18:34	1	0	0	0	0	0	0	DAZU 	0	0	1	0	0	0	0	NULL	NULL	NULL	NULL	0	#DESCEMP	"dbo.ALS_IMPDED(T1.CLA_EMPRESA,T1.CLA_TRAB,T1.CLA_PERDED,T1.FOL_MOV_NOMINA,T1.FOL_AUTO_PRE,T2.ANIO_MES_ISPT,T1.FOLIO_NOM)"	0	0	0				0	0	0	0	0	0	0	0	NULL	NULL	NULL	NULL	NULL	NULL	NULL	NULL	NULL
2220	4	0	ART. 134 LFT.                 	50	A	20	1		NULL		NULL	I	0	0	0	0	1	1	0	0	0	0	0	0	1					170	0	0	1	0		0	0		0	NULL	0	0	0	0	0	0	0	100	0	0	28/07/2011 19:54	1	0	0	0	0	0	0	ART  	0	0	1	0	0	0	0	NULL	NULL	NULL	NULL	0	#DESCEMP	"dbo.ALS_IMPDED(T1.CLA_EMPRESA,T1.CLA_TRAB,T1.CLA_PERDED,T1.FOL_MOV_NOMINA,T1.FOL_AUTO_PRE,T2.ANIO_MES_ISPT,T1.FOLIO_NOM)"	0	0	0				0	0	0	0	0	0	0	0	NULL	NULL	NULL	NULL	NULL	NULL	NULL	NULL	NULL
2241	4	0	DEV. RENTA CASA               	10	A	0	1					I	0	0	0	0	1	0	0	0	0	1	0	0	1					2241	0	0	0	0		0	0		0	NULL	0	0	0	0	0	0	0	100	0	0	22/02/2012 05:54	1	0	0	0	0	0	0	     	0	0	1	0	0	0	0	NULL	NULL	NULL	NULL	0			0	0	0				0	0	0	0	0	0	0	NULL	NULL	NULL	NULL	NULL	NULL	NULL	NULL	NULL	NULL
2242	4	0	DEV. FONDO EMPRESA            	10	A	51	1					I	0	0	0	0	1	0	0	0	1	1	0	0	1					4	0	0	0	0		0	0		0	NULL	0	0	0	0	0	0	0	0	0	0	06/09/2012 11:40	1	0	0	0	0	0	0	DVFE 	0	0	1	0	0	0	0	NULL	NULL	NULL	NULL	0			0	0	0				0	0	0	0	0	0	0	NULL	NULL	NULL	NULL	NULL	NULL	NULL	NULL	NULL	NULL
2243	4	0	DEV. FONDO TRABAJADOR         	10	A	52	1					I	0	0	0	0	1	0	0	0	1	1	0	0	1					4	0	0	1	0		0	0		0	NULL	0	0	0	0	0	0	0	0	0	0	06/09/2012 11:42	1	0	0	0	0	0	0	DFE  	0	0	1	0	0	0	0	NULL	NULL	NULL	NULL	0			0	0	0				0	0	0	0	0	0	0	NULL	NULL	NULL	NULL	NULL	NULL	NULL	NULL	NULL	NULL
2250	4	0	PLAN DE PENSIONES EMPLS.      	50	A	1	(@C1380 + @C1420 ) * ($PLPENSEMP/100)		NULL		NULL	N	0	0	0	0	1	1	0	0	0	1	0	0	(@C1380+@C1420)*($PLPENSEMP/100)					40	0	0	0	0		0	0		0	NULL	0	0	0	0	0	0	0	100	0	0	04/08/2011 10:33	1	0	0	0	0	0	0	PLPEN	0	0	1	0	0	0	0	NULL	NULL	NULL	NULL	0			0	0	0				0	0	0	0	0	0	0	0	NULL	NULL	NULL	NULL	NULL	NULL	NULL	NULL	NULL
2260	4	0	INSTALACIONES DEPORTIVAS EMP  	50	B	20	11		NULL		NULL	T	0	0	0	0	1	0	0	0	0	0	0	0	11					190	0	0	0	0		0	0		0	NULL	0	0	0	0	0	0	0	100	0	0	30/10/2013 10:23	1	0	0	0	0	0	0	DFIJO	0	0	1	0	0	0	0	NULL	NULL	NULL	NULL	0	#DESCEMP	"dbo.ALS_IMPDED(T1.CLA_EMPRESA,T1.CLA_TRAB,T1.CLA_PERDED,T1.FOL_MOV_NOMINA,T1.FOL_AUTO_PRE,T2.ANIO_MES_ISPT,T1.FOLIO_NOM)"	0	0	0				0	0	0	0	0	0	0	0	NULL	NULL	NULL	NULL	NULL	NULL	NULL	NULL	NULL
2261	4	0	SUBSIDIO INCAPACIDAD ENFERMOS 	10	A	0	1					I	0	0	0	0	1	1	0	0	0	0	0	0	1					10	0	0	0	1	1.5 DIAS	0	0		0	NULL	0	0	0	0	0	0	0	11	0	0	02/03/2012 08:22	1	0	0	0	0	0	0	SBENF	0	0	1	0	0	0	0	NULL	NULL	NULL	NULL	0			0	0	0				0	0	0	0	0	0	0	NULL	NULL	NULL	NULL	NULL	NULL	NULL	NULL	NULL	NULL
2270	4	0	DIF A CARGO DECLARACION ANUAL 	50	A	20	1		NULL		NULL	I	0	0	0	0	0	1	0	0	0	0	0	0	1					50	0	0	0	0		0	0		0	NULL	0	0	0	0	0	0	0	0	0	0	27/07/2012 17:05	1	0	0	0	0	0	0	D C D	0	0	1	0	0	0	0	NULL	NULL	NULL	NULL	0			0	0	0				0	0	0	0	0	0	0	NULL	NULL	NULL	NULL	NULL	NULL	NULL	NULL	NULL	NULL
2280	4	0	CONVIVIO                      	50	A	20	1		NULL		NULL	I	0	0	0	0	0	1	0	0	0	0	0	0	1					50	0	0	0	0		0	0		0	NULL	0	0	0	0	0	0	0	0	0	0	27/07/2012 17:20	1	0	0	0	0	0	0	CONVI	0	0	1	0	0	0	0	NULL	NULL	NULL	NULL	0			0	0	0				0	0	0	0	0	0	0	NULL	NULL	NULL	NULL	NULL	NULL	NULL	NULL	NULL	NULL
2290	4	0	FONACOT                       	50	A	20	1		NULL		NULL	I	0	0	0	0	0	1	0	0	0	0	0	0	1					50	0	0	0	0		0	0		0	NULL	0	0	0	0	0	0	0	0	0	0	11/10/2014 15:27	1	0	0	0	0	0	0	FANAC	0	0	1	0	0	0	0	NULL	NULL	NULL	NULL	0			0	0	0				0	0	0	0	0	0	0	NULL	0	11	NULL	0	NULL	NULL	NULL	NULL	NULL
2300	4	0	TIENDA SINDICAL               	50	A	20	1		NULL		NULL	I	0	0	0	0	0	1	0	0	0	0	0	0	1					70	0	0	0	0		0	0		0	NULL	0	0	0	0	0	0	0	0	0	0	27/07/2012 17:52	1	0	0	0	0	0	0	T S  	0	0	1	0	0	0	0	NULL	NULL	NULL	NULL	0			0	0	0				0	0	0	0	0	0	0	NULL	NULL	NULL	NULL	NULL	NULL	NULL	NULL	NULL	NULL
3000	4	0	COMPENSACIONES                	10	A	0	1					I	0	0	0	0	1	0	0	0	0	0	0	0	1					1	0	0	0	0		0	0		0	NULL	0	0	0	0	0	0	0	4	0	0	23/02/2012 01:59	1	0	0	0	0	0	0	COMP 	0	0	1	0	0	0	0	NULL	NULL	NULL	NULL	0			0	0	0				0	0	0	0	0	0	0	NULL	NULL	NULL	NULL	NULL	NULL	NULL	NULL	NULL	NULL
3001	4	0	COMPENSACION BODEGA           	10	A	0	1					I	0	0	0	0	1	1	0	0	0	0	0	0	1					3	0	0	0	0		0	0		0	NULL	0	0	0	0	0	0	0	0	0	0	27/07/2012 12:33	1	1	0	0	0	0	0	C BOD	0	0	1	0	28	0	0	NULL	NULL	NULL	NULL	0			0	0	0				0	0	0	0	0	0	0	NULL	NULL	NULL	NULL	NULL	NULL	NULL	NULL	NULL	NULL
3002	4	0	EMBARQUE DE AZUCAR ZAFRA      	10	A	0	1					I	0	0	0	0	1	1	0	0	0	0	0	0	1					3	0	0	0	0		0	0		0	NULL	0	0	0	0	0	0	0	0	0	0	27/07/2012 12:37	1	0	0	0	0	0	0	EM AZ	0	0	1	0	0	0	0	NULL	NULL	NULL	NULL	0			0	0	0				0	0	0	0	0	0	0	NULL	NULL	NULL	NULL	NULL	NULL	NULL	NULL	NULL	NULL
3021	4	0	RETIRO F. AHORRO PRESTAMO     	50	A	20	1		NULL		NULL	I	0	0	0	0	0	0	0	0	1	1	0	0	1					210	0	0	1	0		0	0		0	NULL	0	0	0	0	0	0	0	0	0	0	06/09/2012 11:59	1	0	0	0	0	0	0	PRES 	0	0	0	0	0	0	0	NULL	NULL	NULL	NULL	0			0	0	0				0	0	0	0	0	0	0	NULL	NULL	NULL	NULL	NULL	NULL	NULL	NULL	NULL	NULL
4151	4	0	P PENSIO                      	50	A	23	#PENSALIM / 100		NULL		NULL	I	0	0	0	0	0	1	0	0	0	0	0	0	"dbo.fn_Pension_zam( t1.CLA_EMPRESA, t1.CLA_TRAB, t1.NUM_NOMINA, t1.FOLIO_NOM, t1.CLA_PERDED, t1.FOL_AUTO , t1.FOLIO_PENSION)/100"					60	0	0	1	0		1	1		0	NULL	0	0	0	0	0	0	0	0	0	0	02/11/2012 08:25	1	0	0	0	1	0	1	P Pen	0	0	1	0	0	0	0	NULL	NULL	NULL	NULL	0			0	0	0				0	0	0	0	0	0	0	NULL	NULL	NULL	NULL	NULL	NULL	NULL	NULL	NULL	NULL
5018	4	0	FESTIVO LEY CALC              	10	A	0	#FEST					T	0	0	0	0	1	1	0	0	0	0	0	0	"dbo.FFN_FESTIVO_INGENIOS (t2.cla_empresa , t2.cla_trab , t2.cla_periodo , t2.num_nomina, T1.FECHA_MOV)"					6	0	0	0	0		1	0		0	NULL	0	0	0	1	1	0	0	0	0	0	07/05/2014 13:11	1	0	0	0	1	0	0	FEST 	0	0	1	0	0	0	0	NULL	NULL	NULL	NULL	0			0	0	0				0	0	0	0	0	0	0	0	NULL	NULL	0	NULL	NULL	NULL	NULL	NULL	NULL
5022	4	0	C PRIM VAC ZAF                	10	A	0	1					I	0	0	0	0	1	0	0	0	0	0	1	0	1					5	0	0	0	0		0	0	"AND T1.CLA_TRAB NOT IN (2302,2814,4579,9100,9125,9139,9147,9161,9191,9194,9221,9224,9232,9234,9236,9244,9245,9247,9248,9250,9291,9293,9294,9295,9456,9622,9665,9695,9716,9728,9737,9755)"	0	NULL	0	0	0	1	1	0	0	0	0	0	06/07/2015 09:35	1	0	0	0	1	0	0	CPVZ 	0	0	1	0	0	0	0	NULL	NULL	NULL	NULL	0			0	0	0				0	0	0	0	0	0	0	0	NULL	NULL	0	NULL	NULL	NULL	NULL	NULL	NULL
5023	4	0	PRIMA VAC REP CALC            	10	A	0	1	NULL	NULL	NULL	NULL	I	0	1	0	0	1	0	0	0	0	0	1	0	1	NULL	NULL	NULL	NULL	5	0	0	0	0		0	0	NULL	0	NULL	0	0	0	1	1	0	0	0	0	0	06/07/2015 09:36	1	0	0	0	0	0	0	CPVR 	0	0	1	0	0	0	0	NULL	NULL	NULL	NULL	0	NULL	NULL	0	0	0	NULL	NULL	NULL	0	0	0	0	0	0	0	0	NULL	NULL	0	NULL	NULL	NULL	NULL	NULL	NULL
5038	4	0	PRIMA VAC ANT REP CALC        	10	A	0	1	NULL	NULL	NULL	NULL	I	0	1	0	0	1	0	0	0	0	0	1	0	1	NULL	NULL	NULL	NULL	5	0	0	0	0		0	0	NULL	0	NULL	0	0	0	1	1	0	0	0	0	0	06/07/2015 09:36	1	0	0	0	0	0	0	CPAVR	0	0	1	0	0	0	0	NULL	NULL	NULL	NULL	0	NULL	NULL	0	0	0	NULL	NULL	NULL	0	0	0	0	0	0	0	0	NULL	NULL	0	NULL	NULL	NULL	NULL	NULL	NULL
5039	4	0	PRIMA VAC ANT REP             	10	A	0	1	NULL	NULL	NULL	NULL	I	0	1	0	0	1	0	0	0	0	0	1	0	1	NULL	NULL	NULL	NULL	5	0	0	0	0		0	0	NULL	0	NULL	0	0	0	1	1	0	0	0	0	0	15/06/2015 16:40	1	0	0	0	0	0	0	PAVZ 	0	0	1	0	0	0	0	NULL	NULL	NULL	NULL	0	NULL	NULL	0	0	0	NULL	NULL	NULL	0	0	0	0	0	0	0	0	NULL	NULL	0	NULL	NULL	NULL	NULL	NULL	NULL
5050	4	0	TRAB EN VACACIONES            	10	A	0	1					I	0	0	0	0	1	1	0	0	0	0	0	0	1					5050	0	0	0	0		0	0		0	NULL	0	0	0	1	1	0	0	100	0	0	22/02/2012 21:43	1	0	0	0	0	0	0	     	0	0	1	0	0	0	0	NULL	NULL	NULL	NULL	0			0	0	0				0	0	0	0	0	0	0	NULL	NULL	NULL	NULL	NULL	NULL	NULL	NULL	NULL	NULL
5051	4	0	APOYO PARA REHABILITACIÓN     	10	A	0	1					I	0	0	0	0	1	1	0	0	0	0	0	0	1					4	0	0	0	0		0	0		0	NULL	0	0	0	0	0	0	0	0	0	0	27/07/2012 12:49	1	0	0	0	0	0	0	A P R	0	0	1	0	0	0	0	NULL	NULL	NULL	NULL	0			0	0	0				0	0	0	0	0	0	0	NULL	NULL	NULL	NULL	NULL	NULL	NULL	NULL	NULL	NULL
5052	4	0	TRANSLADO A ENFERMOS          	10	A	0	1					I	0	0	0	0	1	1	0	0	0	0	0	0	1					4	0	0	0	0		0	0		0	NULL	0	0	0	0	0	0	0	0	0	0	27/07/2012 12:59	1	0	0	0	0	0	0	T ENF	0	0	1	0	0	0	0	NULL	NULL	NULL	NULL	0			0	0	0				0	0	0	0	0	0	0	NULL	NULL	NULL	NULL	NULL	NULL	NULL	NULL	NULL	NULL
5053	4	0	MEDIA H ALIM CALC             	10	B	0	#MHALIM					T	0	0	0	0	1	1	0	0	0	0	0	0	"dbo.FFN_R_IMPORTE_MHA_IPA (t2.cla_empresa, t2.cla_trab,t1.folio_nom, t1.cla_perded, t1.cla_periodo,t1.num_nomina,t1.cla_tab_sue,t1.niv_tab_sue, t1.cla_turno,t1.fecha_mov)"					2	0	0	0	0		0	0		0	NULL	0	0	0	1	1	0	0	0	0	0	23/11/2013 00:00	1	0	0	0	1	0	0	A G T	0	0	1	0	0	0	0	NULL	NULL	NULL	NULL	0			0	0	0				0	0	0	0	0	0	0	0	NULL	NULL	0	NULL	NULL	NULL	NULL	NULL	NULL
5054	4	0	MEDIA HORA TURNO CALC         	10	A	0	#HORAT					I	0	1	0	0	1	1	0	0	0	0	0	0	"dbo.FFN_R_IMPORTE_HT_IPA (t2.cla_empresa, t2.cla_trab,t1.folio_nom, t1.cla_perded, t1.cla_periodo,t1.num_nomina,t1.cla_tab_sue,t1.niv_tab_sue, t1.cla_turno,t1.fecha_mov)"					2	0	0	0	0		0	0	"AND T1.CLA_TURNO IN (1,2,3)"	0	NULL	0	0	0	1	1	0	0	0	0	0	31/10/2012 16:10	1	0	0	0	1	0	0	MHTC 	0	0	1	0	0	0	0	NULL	NULL	NULL	NULL	0			0	0	0				0	0	0	0	0	0	0	NULL	NULL	NULL	NULL	NULL	NULL	NULL	NULL	NULL	NULL
5055	4	0	DOMINGO TRABAJADO OBR CALC    	10	A	0	#SUELDOCIA * 2					I	0	1	0	0	1	1	0	0	1	0	0	0	"dbo.ffn_sueldo_ing_v2 ( t1.cla_empresa  , t1.cla_trab , t1.cla_periodo , t1.num_nomina , t1.fol_auto , t1.fecha_aplica, t1.cla_tab_sue, t1.cla_turno)*2"					2	0	0	0	0		0	0		0	NULL	0	0	0	1	1	0	0	0	0	0	05/10/2012 00:08	1	0	0	0	1	0	0	DTOC 	0	0	1	0	0	0	0	NULL	NULL	NULL	NULL	0			0	0	0				0	0	0	0	0	0	0	0	NULL	NULL	NULL	NULL	NULL	NULL	NULL	NULL	NULL
5056	4	0	SABADO TRABAJADO CALC         	10	A	0	#SUELDOCIA	NULL	NULL	NULL	NULL	I	0	1	0	0	1	1	0	0	1	0	0	0	"dbo.ffn_sueldo_ing_v2 ( t1.cla_empresa  , t1.cla_trab , t1.cla_periodo , t1.num_nomina , t1.fol_auto , t1.fecha_aplica, t1.cla_tab_sue, t1.cla_turno)"	NULL	NULL	NULL	NULL	2	0	0	0	1	Dias	0	0	NULL	0	NULL	0	0	0	1	1	0	0	0	0	0	07/10/2013 15:17	1	0	0	0	1	0	0	STCAL	0	0	1	0	0	0	0	NULL	NULL	NULL	NULL	0	NULL	NULL	0	0	0	NULL	NULL	NULL	0	0	0	0	0	0	0	0	NULL	NULL	NULL	NULL	NULL	NULL	NULL	NULL	NULL
5057	4	0	PRIMA SABATINA OB CALC        	10	A	0	#SUELDOCIA * (.40)					I	0	1	0	0	1	1	0	0	1	0	0	0	"dbo.ffn_sueldo_ing_v2 ( t1.cla_empresa  , t1.cla_trab , t1.cla_periodo , t1.num_nomina , t1.fol_auto , t1.fecha_aplica, t1.cla_tab_sue, t1.cla_turno)*(.40)"					2	0	0	0	1	40%	0	0		0	NULL	0	0	0	1	1	0	0	0	0	0	20/10/2012 14:02	1	0	0	0	0	0	0	PSABC	0	0	1	0	0	0	0	NULL	NULL	NULL	NULL	0			0	0	0				0	0	0	0	0	0	0	0	NULL	NULL	NULL	NULL	NULL	NULL	NULL	NULL	NULL
5058	4	0	TURNO ADICIONAL CALC          	10	A	0	#SUELDOCIA					I	0	0	0	0	1	1	0	0	0	0	0	0	"dbo.ffn_sueldo_ing_v2 ( t1.cla_empresa  , t1.cla_trab , t1.cla_periodo , t1.num_nomina , t1.fol_auto , t1.fecha_aplica, t1.cla_tab_sue, t1.cla_turno)"					2	0	0	0	0		0	0		0	NULL	0	0	0	1	1	0	0	0	0	0	22/10/2012 12:03	1	0	0	0	0	0	0	TADIC	0	0	1	0	0	0	0	NULL	NULL	NULL	NULL	0			0	0	0				0	0	0	0	0	0	0	0	NULL	NULL	0	NULL	NULL	NULL	NULL	NULL	NULL
5059	4	0	FESTIVO TRABAJADO CALC        	10	A	0	#SUELDOCIA * 2					I	0	0	0	0	1	1	0	0	0	0	0	0	"dbo.ffn_sueldo_ing_v2 ( t1.cla_empresa  , t1.cla_trab , t1.cla_periodo , t1.num_nomina , t1.fol_auto , t1.fecha_aplica, t1.cla_tab_sue, t1.cla_turno)*2"				NULL	2	0	0	0	0	NULL	0	0	NULL	0	NULL	0	0	0	1	1	0	0	0	0	0	19/10/2012 11:49	1	0	0	0	0	0	0	FTRAC	0	0	1	0	0	0	0	NULL	NULL	NULL	NULL	0	NULL	NULL	0	0	0	NULL	NULL	NULL	0	0	0	0	0	0	0	NULL	NULL	NULL	NULL	NULL	NULL	NULL	NULL	NULL	NULL
5060	4	0	COMPENSACION FIJA CALC        	10	A	0	1	NULL	NULL	NULL	NULL	I	0	0	0	0	1	1	0	0	0	0	0	0	1	NULL	NULL	NULL	NULL	2	0	0	0	0	NULL	0	0	NULL	0	NULL	0	0	0	1	1	0	0	0	0	0	24/10/2012 02:58	1	0	0	0	0	0	0	CFCAL	0	0	1	0	0	0	0	NULL	NULL	NULL	NULL	0	NULL	NULL	0	0	0	NULL	NULL	NULL	0	0	0	0	0	0	0	NULL	NULL	NULL	NULL	NULL	NULL	NULL	NULL	NULL	NULL
5061	4	0	PRIMA DOMINICAL CALC          	10	A	0	(#SUELDOCIA * 2) * (.125)					I	0	0	0	0	1	1	0	0	0	0	0	0	"(dbo.ffn_sueldo_ing_v2 ( t1.cla_empresa  , t1.cla_trab , t1.cla_periodo , t1.num_nomina , t1.fol_auto , t1.fecha_aplica, t1.cla_tab_sue, t1.cla_turno)*2)*(.125)"					5	0	0	1	0		0	0		0	NULL	0	0	0	1	1	0	0	0	0	0	12/12/2012 10:59	1	0	0	0	0	0	0	PRIMD	0	0	1	0	0	0	0	NULL	NULL	NULL	NULL	0			0	0	0				0	0	0	0	0	0	0	NULL	NULL	NULL	NULL	NULL	NULL	NULL	NULL	NULL	NULL
5062	4	0	COMPENSACION CALC             	10	A	0	1					I	0	0	0	0	1	1	0	0	0	0	0	0	1					3	0	1	0	0		0	0		0	NULL	0	0	0	1	1	0	0	0	0	0	04/07/2013 12:12	1	0	0	0	0	0	0	COM  	0	0	1	0	0	0	0	NULL	NULL	NULL	NULL	0			0	0	0				0	0	0	0	0	0	0	NULL	NULL	NULL	NULL	NULL	NULL	NULL	NULL	NULL	NULL
5063	4	0	RENTA DE CASA CAL             	50	A	20	1		NULL		NULL	I	0	0	0	0	0	1	0	0	0	0	0	0	1					175	0	1	0	0		0	0		0	NULL	0	0	0	1	1	0	0	0	0	0	04/07/2013 12:13	1	0	0	0	0	0	0	RENTA	0	0	1	0	0	0	0	NULL	NULL	NULL	NULL	0			0	0	0				0	0	0	0	0	0	0	NULL	NULL	NULL	NULL	NULL	NULL	NULL	NULL	NULL	NULL
5402	4	0	FEMP CALC                     	50	A	20	@C02026		NULL	SAL_MIN * 1.3 * 7	NULL	T	0	0	0	0	0	1	0	0	0	0	0	0	@C02026			t2.SAL_MIN_ZONA*1.3*7		140	0	0	0	0		0	0	AND T3.APLICA_FA = 1	0	NULL	0	0	0	1	1	0	0	0	0	0	19/02/2013 09:59	1	0	0	0	0	0	0	FEMCA	0	0	1	0	0	0	0	NULL	NULL	NULL	NULL	0			0	0	0				0	0	0	0	0	0	0	0	NULL	NULL	0	NULL	NULL	NULL	NULL	NULL	NULL
5413	4	0	GASTO A COMPROBAR NOR         	50	A	0	1		NULL		NULL	I	0	0	0	0	0	1	0	0	0	0	0	0	1					4110	0	1	0	0		0	0		0	NULL	0	0	0	1	1	0	0	0	0	0	10/07/2013 10:18	1	0	0	0	0	0	0	GASTO	0	0	1	0	0	0	0	NULL	NULL	NULL	NULL	0			0	0	0				0	0	0	0	0	0	0	NULL	NULL	NULL	NULL	NULL	NULL	NULL	NULL	NULL	NULL
5414	4	0	GASTO A COMPROBAR BON         	50	A	20	1		NULL		NULL	I	0	0	0	0	0	0	0	0	0	1	0	0	1					5410	0	1	0	0		0	0		0	NULL	0	0	0	1	1	0	0	0	0	0	10/07/2013 10:20	1	0	0	0	0	0	0	GASTO	0	0	1	0	0	0	0	NULL	NULL	NULL	NULL	0			0	0	0				0	0	0	0	0	0	0	NULL	NULL	NULL	NULL	NULL	NULL	NULL	NULL	NULL	NULL
5450	4	0	DIAS INC ENF                  	10	B	0	0					I	0	0	0	0	1	1	0	0	0	0	0	0	0					6	0	0	1	0		0	1		0	NULL	0	0	0	1	1	0	0	0	0	0	20/12/2012 15:55	1	0	0	0	0	0	0	D INC	0	0	1	0	0	0	0	NULL	NULL	NULL	NULL	0			0	0	0				0	0	0	0	0	0	0	NULL	NULL	NULL	NULL	NULL	NULL	NULL	NULL	NULL	NULL
5504	4	0	DESC.SIND.NOM                 	50	A	20	1		NULL		NULL	I	0	0	0	0	0	1	0	0	0	0	0	0	1					5030	0	0	0	0		0	0		0	NULL	0	0	0	1	1	0	0	0	0	0	10/07/2013 09:54	1	0	0	0	0	0	0	DESC.	0	0	1	0	0	0	0	NULL	NULL	NULL	NULL	0			0	0	0				0	0	0	0	0	0	0	NULL	NULL	NULL	NULL	NULL	NULL	NULL	NULL	NULL	NULL
5505	4	0	DESC.SIND. BONO               	50	A	20	1		NULL		NULL	I	0	0	0	0	0	0	0	0	0	1	0	0	1					5030	0	0	0	0		0	0		0	NULL	0	0	0	1	1	0	0	0	0	0	10/07/2013 10:00	1	0	0	0	0	0	0	DESC.	0	0	1	0	0	0	0	NULL	NULL	NULL	NULL	0			0	0	0				0	0	0	0	0	0	0	NULL	NULL	NULL	NULL	NULL	NULL	NULL	NULL	NULL	NULL
5506	4	0	DESC SIND SEG BONO            	50	A	20	1		NULL		NULL	I	0	0	0	0	0	0	0	0	0	1	0	0	1					5030	0	0	0	0		0	0		0	NULL	0	0	0	1	1	0	0	0	0	0	25/07/2013 09:31	1	0	0	0	0	0	0	DESC 	0	0	1	0	0	0	0	NULL	NULL	NULL	NULL	0			0	0	0				0	0	0	0	0	0	0	NULL	NULL	NULL	NULL	NULL	NULL	NULL	NULL	NULL	NULL
5507	4	0	DESC. SIND. UTILES ESC.       	50	A	20	1		NULL		NULL	I	0	0	0	0	0	0	0	0	0	1	0	0	1					5010	0	1	0	0		0	0		0	NULL	0	0	0	1	1	0	0	0	0	0	15/08/2013 09:55	1	0	0	0	0	0	0	DESC.	0	0	1	0	0	0	0	NULL	NULL	NULL	NULL	0			0	0	0				0	0	0	0	0	0	0	NULL	NULL	NULL	NULL	NULL	NULL	NULL	NULL	NULL	NULL
6018	4	0	FESTIVO LEY VAL               	10	A	0	1					I	0	0	0	0	1	1	0	0	0	0	0	0	1					4	0	0	0	0		1	0		0	NULL	0	0	0	1	1	0	0	0	0	0	07/05/2014 13:12	1	0	0	0	0	0	0	FEST 	0	0	1	0	0	0	0	NULL	NULL	NULL	NULL	0			0	0	0				0	0	0	0	0	0	0	0	NULL	NULL	0	NULL	NULL	NULL	NULL	NULL	NULL
6402	4	0	FEVAL                         	50	A	20	1		NULL		NULL	I	0	0	0	0	0	1	0	0	0	0	0	0	1					140	0	0	0	0		1	0		0	NULL	0	0	0	1	1	0	0	0	0	0	19/02/2013 10:05	1	0	0	0	0	0	0	FONDO	0	0	1	0	0	0	0	NULL	NULL	NULL	NULL	0			0	0	0				0	0	0	0	0	0	0	NULL	NULL	NULL	NULL	NULL	NULL	NULL	NULL	NULL	NULL
6408	4	0	FOH T VAL                     	50	A	20	1		NULL		NULL	I	0	0	0	0	0	1	0	0	0	0	0	0	1					140	0	0	0	0		1	0		0	NULL	0	0	0	1	1	0	0	0	0	0	19/02/2013 10:30	1	0	0	0	0	0	0	FOH V	0	0	1	0	0	0	0	NULL	NULL	NULL	NULL	0			0	0	0				0	0	0	0	0	0	0	0	NULL	NULL	0	NULL	NULL	NULL	NULL	NULL	NULL
